,prefCode,cityCode,cityName,cityAlphabet,bigCityFlag
0,1,1100,札幌市,Sapporo-shi,2
1,1,1101,札幌市中央区,Sapporo-shi Chuo-ku,1
2,1,1102,札幌市北区,Sapporo-shi Kita-ku,1
3,1,1103,札幌市東区,Sapporo-shi Higashi-ku,1
4,1,1104,札幌市白石区,Sapporo-shi Shiroishi-ku,1
5,1,1105,札幌市豊平区,Sapporo-shi Toyohira-ku,1
6,1,1106,札幌市南区,Sapporo-shi Minami-ku,1
7,1,1107,札幌市西区,Sapporo-shi Nishi-ku,1
8,1,1108,札幌市厚別区,Sapporo-shi Atsubetsu-ku,1
9,1,1109,札幌市手稲区,Sapporo-shi Teine-ku,1
10,1,1110,札幌市清田区,Sapporo-shi Kiyota-ku,1
11,1,1202,函館市,Hakodate-shi,0
12,1,1203,小樽市,Otaru-shi,0
13,1,1204,旭川市,Asahikawa-shi,0
14,1,1205,室蘭市,Muroran-shi,0
15,1,1206,釧路市,Kushiro-shi,0
16,1,1207,帯広市,Obihiro-shi,0
17,1,1208,北見市,Kitami-shi,0
18,1,1209,夕張市,Yubari-shi,0
19,1,1210,岩見沢市,Iwamizawa-shi,0
20,1,1211,網走市,Abashiri-shi,0
21,1,1212,留萌市,Rumoi-shi,0
22,1,1213,苫小牧市,Tomakomai-shi,0
23,1,1214,稚内市,Wakkanai-shi,0
24,1,1215,美唄市,Bibai-shi,0
25,1,1216,芦別市,Ashibetsu-shi,0
26,1,1217,江別市,Ebetsu-shi,0
27,1,1218,赤平市,Akabira-shi,0
28,1,1219,紋別市,Mombetsu-shi,0
29,1,1220,士別市,Shibetsu-shi,0
30,1,1221,名寄市,Nayoro-shi,0
31,1,1222,三笠市,Mikasa-shi,0
32,1,1223,根室市,Nemuro-shi,0
33,1,1224,千歳市,Chitose-shi,0
34,1,1225,滝川市,Takikawa-shi,0
35,1,1226,砂川市,Sunagawa-shi,0
36,1,1227,歌志内市,Utashinai-shi,0
37,1,1228,深川市,Fukagawa-shi,0
38,1,1229,富良野市,Furano-shi,0
39,1,1230,登別市,Noboribetsu-shi,0
40,1,1231,恵庭市,Eniwa-shi,0
41,1,1233,伊達市,Date-shi,0
42,1,1234,北広島市,Kitahiroshima-shi,0
43,1,1235,石狩市,Ishikari-shi,0
44,1,1236,北斗市,Hokuto-shi,0
45,1,1303,当別町,Tobetsu-cho,0
46,1,1304,新篠津村,Shinshinotsu-mura,0
47,1,1331,松前町,Matsumae-cho,0
48,1,1332,福島町,Fukushima-cho,0
49,1,1333,知内町,Shiriuchi-cho,0
50,1,1334,木古内町,Kikonai-cho,0
51,1,1337,七飯町,Nanae-cho,0
52,1,1343,鹿部町,Shikabe-cho,0
53,1,1345,森町,Mori-machi,0
54,1,1346,八雲町,Yakumo-cho,0
55,1,1347,長万部町,Oshamambe-cho,0
56,1,1361,江差町,Esashi-cho,0
57,1,1362,上ノ国町,Kaminokuni-cho,0
58,1,1363,厚沢部町,Assabu-cho,0
59,1,1364,乙部町,Otobe-cho,0
60,1,1367,奥尻町,Okushiri-cho,0
61,1,1370,今金町,Imakane-cho,0
62,1,1371,せたな町,Setana-cho,0
63,1,1391,島牧村,Shimamaki-mura,0
64,1,1392,寿都町,Suttsu-cho,0
65,1,1393,黒松内町,Kuromatsunai-cho,0
66,1,1394,蘭越町,Rankoshi-cho,0
67,1,1395,ニセコ町,Niseko-cho,0
68,1,1396,真狩村,Makkari-mura,0
69,1,1397,留寿都村,Rusutsu-mura,0
70,1,1398,喜茂別町,Kimobetsu-cho,0
71,1,1399,京極町,Kyogoku-cho,0
72,1,1400,倶知安町,Kutchan-cho,0
73,1,1401,共和町,Kyowa-cho,0
74,1,1402,岩内町,Iwanai-cho,0
75,1,1403,泊村,Tomari-mura,0
76,1,1404,神恵内村,Kamoenai-mura,0
77,1,1405,積丹町,Shakotan-cho,0
78,1,1406,古平町,Furubira-cho,0
79,1,1407,仁木町,Niki-cho,0
80,1,1408,余市町,Yoichi-cho,0
81,1,1409,赤井川村,Akaigawa-mura,0
82,1,1423,南幌町,Namporo-cho,0
83,1,1424,奈井江町,Naie-cho,0
84,1,1425,上砂川町,Kamisunagawa-cho,0
85,1,1427,由仁町,Yuni-cho,0
86,1,1428,長沼町,Naganuma-cho,0
87,1,1429,栗山町,Kuriyama-cho,0
88,1,1430,月形町,Tsukigata-cho,0
89,1,1431,浦臼町,Urausu-cho,0
90,1,1432,新十津川町,Shintotsukawa-cho,0
91,1,1433,妹背牛町,Moseushi-cho,0
92,1,1434,秩父別町,Chippubetsu-cho,0
93,1,1436,雨竜町,Uryu-cho,0
94,1,1437,北竜町,Hokuryu-cho,0
95,1,1438,沼田町,Numata-cho,0
96,1,1452,鷹栖町,Takasu-cho,0
97,1,1453,東神楽町,Higashikagura-cho,0
98,1,1454,当麻町,Toma-cho,0
99,1,1455,比布町,Pippu-cho,0
100,1,1456,愛別町,Aibetsu-cho,0
101,1,1457,上川町,Kamikawa-cho,0
102,1,1458,東川町,Higashikawa-cho,0
103,1,1459,美瑛町,Biei-cho,0
104,1,1460,上富良野町,Kamifurano-cho,0
105,1,1461,中富良野町,Nakafurano-cho,0
106,1,1462,南富良野町,Minamifurano-cho,0
107,1,1463,占冠村,Shimukappu-mura,0
108,1,1464,和寒町,Wassamu-cho,0
109,1,1465,剣淵町,Kembuchi-cho,0
110,1,1468,下川町,Shimokawa-cho,0
111,1,1469,美深町,Bifuka-cho,0
112,1,1470,音威子府村,Otoineppu-mura,0
113,1,1471,中川町,Nakagawa-cho,0
114,1,1472,幌加内町,Horokanai-cho,0
115,1,1481,増毛町,Mashike-cho,0
116,1,1482,小平町,Obira-cho,0
117,1,1483,苫前町,Tomamae-cho,0
118,1,1484,羽幌町,Haboro-cho,0
119,1,1485,初山別村,Shosambetsu-mura,0
120,1,1486,遠別町,Embetsu-cho,0
121,1,1487,天塩町,Teshio-cho,0
122,1,1511,猿払村,Sarufutsu-mura,0
123,1,1512,浜頓別町,Hamatombetsu-cho,0
124,1,1513,中頓別町,Nakatombetsu-cho,0
125,1,1514,枝幸町,Esashi-cho,0
126,1,1516,豊富町,Toyotomi-cho,0
127,1,1517,礼文町,Rebun-cho,0
128,1,1518,利尻町,Rishiri-cho,0
129,1,1519,利尻富士町,Rishirifuji-cho,0
130,1,1520,幌延町,Horonobe-cho,0
131,1,1543,美幌町,Bihoro-cho,0
132,1,1544,津別町,Tsubetsu-cho,0
133,1,1545,斜里町,Shari-cho,0
134,1,1546,清里町,Kiyosato-cho,0
135,1,1547,小清水町,Koshimizu-cho,0
136,1,1549,訓子府町,Kunneppu-cho,0
137,1,1550,置戸町,Oketo-cho,0
138,1,1552,佐呂間町,Saroma-cho,0
139,1,1555,遠軽町,Engaru-cho,0
140,1,1559,湧別町,Yubetsu-cho,0
141,1,1560,滝上町,Takinoe-cho,0
142,1,1561,興部町,Okoppe-cho,0
143,1,1562,西興部村,Nishiokoppe-mura,0
144,1,1563,雄武町,Omu-cho,0
145,1,1564,大空町,Ozora-cho,0
146,1,1571,豊浦町,Toyora-cho,0
147,1,1575,壮瞥町,Sobetsu-cho,0
148,1,1578,白老町,Shiraoi-cho,0
149,1,1581,厚真町,Atsuma-cho,0
150,1,1584,洞爺湖町,Toyako-cho,0
151,1,1585,安平町,Abira-cho,0
152,1,1586,むかわ町,Mukawa-cho,0
153,1,1601,日高町,Hidaka-cho,0
154,1,1602,平取町,Biratori-cho,0
155,1,1604,新冠町,Niikappu-cho,0
156,1,1607,浦河町,Urakawa-cho,0
157,1,1608,様似町,Samani-cho,0
158,1,1609,えりも町,Erimo-cho,0
159,1,1610,新ひだか町,Shinhidaka-cho,0
160,1,1631,音更町,Otofuke-cho,0
161,1,1632,士幌町,Shihoro-cho,0
162,1,1633,上士幌町,Kamishihoro-cho,0
163,1,1634,鹿追町,Shikaoi-cho,0
164,1,1635,新得町,Shintoku-cho,0
165,1,1636,清水町,Shimizu-cho,0
166,1,1637,芽室町,Memuro-cho,0
167,1,1638,中札内村,Nakasatsunai-mura,0
168,1,1639,更別村,Sarabetsu-mura,0
169,1,1641,大樹町,Taiki-cho,0
170,1,1642,広尾町,Hiro-cho,0
171,1,1643,幕別町,Makubetsu-cho,0
172,1,1644,池田町,Ikeda-cho,0
173,1,1645,豊頃町,Toyokoro-cho,0
174,1,1646,本別町,Hombetsu-cho,0
175,1,1647,足寄町,Ashoro-cho,0
176,1,1648,陸別町,Rikubetsu-cho,0
177,1,1649,浦幌町,Urahoro-cho,0
178,1,1661,釧路町,Kushiro-cho,0
179,1,1662,厚岸町,Akkeshi-cho,0
180,1,1663,浜中町,Hamanaka-cho,0
181,1,1664,標茶町,Shibecha-cho,0
182,1,1665,弟子屈町,Teshikaga-cho,0
183,1,1667,鶴居村,Tsurui-mura,0
184,1,1668,白糠町,Shiranuka-cho,0
185,1,1691,別海町,Betsukai-cho,0
186,1,1692,中標津町,Nakashibetsu-cho,0
187,1,1693,標津町,Shibetsu-cho,0
188,1,1694,羅臼町,Rausu-cho,0
189,1,1695,色丹村,Shikotan-mura,0
190,1,1696,国後郡泊村,Kunashiri Tomari-mura,0
191,1,1697,留夜別村,Yorubetsu-mura,0
192,1,1698,留別村,Rubetsu-mura,0
193,1,1699,紗那村,Shyana-mura,0
194,1,1700,蘂取村,Shibetoro-mura,0
195,2,2201,青森市,Aomori-shi,0
196,2,2202,弘前市,Hirosaki-shi,0
197,2,2203,八戸市,Hachinohe-shi,0
198,2,2204,黒石市,Kuroishi-shi,0
199,2,2205,五所川原市,Goshogawara-shi,0
200,2,2206,十和田市,Towada-shi,0
201,2,2207,三沢市,Misawa-shi,0
202,2,2208,むつ市,Mutsu-shi,0
203,2,2209,つがる市,Tsugaru-shi,0
204,2,2210,平川市,Hirakawa-shi,0
205,2,2301,平内町,Hiranai-machi,0
206,2,2303,今別町,Imabetsu-machi,0
207,2,2304,蓬田村,Yomogita-mura,0
208,2,2307,外ヶ浜町,Sotogahama-machi,0
209,2,2321,鰺ヶ沢町,Ajigasawa-machi,0
210,2,2323,深浦町,Fukaura-machi,0
211,2,2343,西目屋村,Nishimeya-mura,0
212,2,2361,藤崎町,Fujisaki-machi,0
213,2,2362,大鰐町,Owani-machi,0
214,2,2367,田舎館村,Inakadate-mura,0
215,2,2381,板柳町,Itayanagi-machi,0
216,2,2384,鶴田町,Tsuruta-machi,0
217,2,2387,中泊町,Nakadomari-machi,0
218,2,2401,野辺地町,Noheji-machi,0
219,2,2402,七戸町,Shichinohe-machi,0
220,2,2405,六戸町,Rokunohe-machi,0
221,2,2406,横浜町,Yokohama-machi,0
222,2,2408,東北町,Tohoku-machi,0
223,2,2411,六ヶ所村,Rokkasho-mura,0
224,2,2412,おいらせ町,Oirase-cho,0
225,2,2423,大間町,Oma-machi,0
226,2,2424,東通村,Higashidori-mura,0
227,2,2425,風間浦村,Kazamaura-mura,0
228,2,2426,佐井村,Sai-mura,0
229,2,2441,三戸町,Sannohe-machi,0
230,2,2442,五戸町,Gonohe-machi,0
231,2,2443,田子町,Takko-machi,0
232,2,2445,南部町,Nambu-cho,0
233,2,2446,階上町,Hashikami-cho,0
234,2,2450,新郷村,Shingo-mura,0
235,3,3201,盛岡市,Morioka-shi,0
236,3,3202,宮古市,Miyako-shi,0
237,3,3203,大船渡市,Ofunato-shi,0
238,3,3205,花巻市,Hanamaki-shi,0
239,3,3206,北上市,Kitakami-shi,0
240,3,3207,久慈市,Kuji-shi,0
241,3,3208,遠野市,Tono-shi,0
242,3,3209,一関市,Ichinoseki-shi,0
243,3,3210,陸前高田市,Rikuzentakata-shi,0
244,3,3211,釜石市,Kamaishi-shi,0
245,3,3213,二戸市,Ninohe-shi,0
246,3,3214,八幡平市,Hachimantai-shi,0
247,3,3215,奥州市,Oshu-shi,0
248,3,3216,滝沢市,Takizawa-shi,0
249,3,3301,雫石町,Shizukuishi-cho,0
250,3,3302,葛巻町,Kuzumaki-machi,0
251,3,3303,岩手町,Iwate-machi,0
252,3,3321,紫波町,Shiwa-cho,0
253,3,3322,矢巾町,Yahaba-cho,0
254,3,3366,西和賀町,Nishiwaga-machi,0
255,3,3381,金ケ崎町,Kanegasaki-cho,0
256,3,3402,平泉町,Hiraizumi-cho,0
257,3,3441,住田町,Sumita-cho,0
258,3,3461,大槌町,Otsuchi-cho,0
259,3,3482,山田町,Yamada-machi,0
260,3,3483,岩泉町,Iwaizumi-cho,0
261,3,3484,田野畑村,Tanohata-mura,0
262,3,3485,普代村,Fudai-mura,0
263,3,3501,軽米町,Karumai-machi,0
264,3,3503,野田村,Noda-mura,0
265,3,3506,九戸村,Kunohe-mura,0
266,3,3507,洋野町,Hirono-cho,0
267,3,3524,一戸町,Ichinohe-machi,0
268,4,4100,仙台市,Yokohama-shi,2
269,4,4101,仙台市青葉区,Sendai-shi Aoba-ku,1
270,4,4102,仙台市宮城野区,Sendai-shi Miyagino-ku,1
271,4,4103,仙台市若林区,Sendai-shi Wakabayashi-ku,1
272,4,4104,仙台市太白区,Sendai-shi Taihaku-ku,1
273,4,4105,仙台市泉区,Sendai-shi Izumi-ku,1
274,4,4202,石巻市,Ishinomaki-shi,0
275,4,4203,塩竈市,Shiogama-shi,0
276,4,4205,気仙沼市,Kesennuma-shi,0
277,4,4206,白石市,Shiroishi-shi,0
278,4,4207,名取市,Natori-shi,0
279,4,4208,角田市,Kakuda-shi,0
280,4,4209,多賀城市,Tagajo-shi,0
281,4,4211,岩沼市,Iwanuma-shi,0
282,4,4212,登米市,Tome-shi,0
283,4,4213,栗原市,Kurihara-shi,0
284,4,4214,東松島市,Higashimatsushima-shi,0
285,4,4215,大崎市,Osaki-shi,0
286,4,4216,富谷市,Tomiya-shi,0
287,4,4301,蔵王町,Zao-machi,0
288,4,4302,七ヶ宿町,Shichikashuku-machi,0
289,4,4321,大河原町,Ogawara-machi,0
290,4,4322,村田町,Murata-machi,0
291,4,4323,柴田町,Shibata-machi,0
292,4,4324,川崎町,Kawasaki-machi,0
293,4,4341,丸森町,Marumori-machi,0
294,4,4361,亘理町,Watari-cho,0
295,4,4362,山元町,Yamamoto-cho,0
296,4,4401,松島町,Matsushima-machi,0
297,4,4404,七ヶ浜町,Shichigahama-machi,0
298,4,4406,利府町,Rifu-cho,0
299,4,4421,大和町,Taiwa-cho,0
300,4,4422,大郷町,Osato-cho,0
301,4,4424,大衡村,Ohira-mura,0
302,4,4444,色麻町,Shikama-cho,0
303,4,4445,加美町,Kami-machi,0
304,4,4501,涌谷町,Wakuya-cho,0
305,4,4505,美里町,Misato-machi,0
306,4,4581,女川町,Onagawa-cho,0
307,4,4606,南三陸町,Minamisanriku-cho,0
308,5,5201,秋田市,Akita-shi,0
309,5,5202,能代市,Noshiro-shi,0
310,5,5203,横手市,Yokote-shi,0
311,5,5204,大館市,Odate-shi,0
312,5,5206,男鹿市,Oga-shi,0
313,5,5207,湯沢市,Yuzawa-shi,0
314,5,5209,鹿角市,Kazuno-shi,0
315,5,5210,由利本荘市,Yurihonjo-shi,0
316,5,5211,潟上市,Katagami-shi,0
317,5,5212,大仙市,Daisen-shi,0
318,5,5213,北秋田市,Kitaakita-shi,0
319,5,5214,にかほ市,Nikaho-shi,0
320,5,5215,仙北市,Semboku-shi,0
321,5,5303,小坂町,Kosaka-machi,0
322,5,5327,上小阿仁村,Kamikoani-mura,0
323,5,5346,藤里町,Fujisato-machi,0
324,5,5348,三種町,Mitane-cho,0
325,5,5349,八峰町,Happo-cho,0
326,5,5361,五城目町,Gojome-machi,0
327,5,5363,八郎潟町,Hachirogata-machi,0
328,5,5366,井川町,Ikawa-machi,0
329,5,5368,大潟村,Ogata-mura,0
330,5,5434,美郷町,Misato-cho,0
331,5,5463,羽後町,Ugo-machi,0
332,5,5464,東成瀬村,Higashinaruse-mura,0
333,6,6201,山形市,Yamagata-shi,0
334,6,6202,米沢市,Yonezawa-shi,0
335,6,6203,鶴岡市,Tsuruoka-shi,0
336,6,6204,酒田市,Sakata-shi,0
337,6,6205,新庄市,Shinjo-shi,0
338,6,6206,寒河江市,Sagae-shi,0
339,6,6207,上山市,Kaminoyama-shi,0
340,6,6208,村山市,Murayama-shi,0
341,6,6209,長井市,Nagai-shi,0
342,6,6210,天童市,Tendo-shi,0
343,6,6211,東根市,Higashine-shi,0
344,6,6212,尾花沢市,Obanazawa-shi,0
345,6,6213,南陽市,Nanyo-shi,0
346,6,6301,山辺町,Yamanobe-machi,0
347,6,6302,中山町,Nakayama-machi,0
348,6,6321,河北町,Kahoku-cho,0
349,6,6322,西川町,Nishikawa-machi,0
350,6,6323,朝日町,Asahi-machi,0
351,6,6324,大江町,Oe-machi,0
352,6,6341,大石田町,Oishida-machi,0
353,6,6361,金山町,Kaneyama-machi,0
354,6,6362,最上町,Mogami-machi,0
355,6,6363,舟形町,Funagata-machi,0
356,6,6364,真室川町,Mamurogawa-machi,0
357,6,6365,大蔵村,Okura-mura,0
358,6,6366,鮭川村,Sakegawa-mura,0
359,6,6367,戸沢村,Tozawa-mura,0
360,6,6381,高畠町,Takahata-machi,0
361,6,6382,川西町,Kawanishi-machi,0
362,6,6401,小国町,Oguni-machi,0
363,6,6402,白鷹町,Shirataka-machi,0
364,6,6403,飯豊町,Iide-machi,0
365,6,6426,三川町,Mikawa-machi,0
366,6,6428,庄内町,Shonai-machi,0
367,6,6461,遊佐町,Yuza-machi,0
368,7,7201,福島市,Fukushima-shi,0
369,7,7202,会津若松市,Aizuwakamatsu-shi,0
370,7,7203,郡山市,Koriyama-shi,0
371,7,7204,いわき市,Iwaki-shi,0
372,7,7205,白河市,Shirakawa-shi,0
373,7,7207,須賀川市,Sukagawa-shi,0
374,7,7208,喜多方市,Kitakata-shi,0
375,7,7209,相馬市,Soma-shi,0
376,7,7210,二本松市,Nihommatsu-shi,0
377,7,7211,田村市,Tamura-shi,0
378,7,7212,南相馬市,Minamisoma-shi,0
379,7,7213,伊達市,Date-shi,0
380,7,7214,本宮市,Motomiya-shi,0
381,7,7301,桑折町,Kori-machi,0
382,7,7303,国見町,Kunimi-machi,0
383,7,7308,川俣町,Kawamata-machi,0
384,7,7322,大玉村,Otama-mura,0
385,7,7342,鏡石町,Kagamiishi-machi,0
386,7,7344,天栄村,Tenei-mura,0
387,7,7362,下郷町,Shimogo-machi,0
388,7,7364,檜枝岐村,Hinoemata-mura,0
389,7,7367,只見町,Tadami-machi,0
390,7,7368,南会津町,Minamiaizu-machi,0
391,7,7402,北塩原村,Kitashiobara-mura,0
392,7,7405,西会津町,Nishiaizu-machi,0
393,7,7407,磐梯町,Bandai-machi,0
394,7,7408,猪苗代町,Inawashiro-machi,0
395,7,7421,会津坂下町,Aizubange-machi,0
396,7,7422,湯川村,Yugawa-mura,0
397,7,7423,柳津町,Yanaizu-machi,0
398,7,7444,三島町,Mishima-machi,0
399,7,7445,金山町,Kaneyama-machi,0
400,7,7446,昭和村,Showa-mura,0
401,7,7447,会津美里町,Aizumisato-machi,0
402,7,7461,西郷村,Nishigo-mura,0
403,7,7464,泉崎村,Izumizaki-mura,0
404,7,7465,中島村,Nakajima-mura,0
405,7,7466,矢吹町,Yabuki-machi,0
406,7,7481,棚倉町,Tanagura-machi,0
407,7,7482,矢祭町,Yamatsuri Mach,0
408,7,7483,塙町,Hanawa-machi,0
409,7,7484,鮫川村,Samegawa-mura,0
410,7,7501,石川町,Ishikawa-machi,0
411,7,7502,玉川村,Tamakawa-mura,0
412,7,7503,平田村,Hirata-mura,0
413,7,7504,浅川町,Asakawa-machi,0
414,7,7505,古殿町,Furudono-machi,0
415,7,7521,三春町,Miharu-machi,0
416,7,7522,小野町,Ono-machi,0
417,7,7541,広野町,Hirono-machi,0
418,7,7542,楢葉町,Naraha-machi,0
419,7,7543,富岡町,Tomioka-machi,0
420,7,7544,川内村,Kawauchi-mura,0
421,7,7545,大熊町,Okuma-machi,0
422,7,7546,双葉町,Futaba-machi,0
423,7,7547,浪江町,Namie-machi,0
424,7,7548,葛尾村,Katsurao-mura,0
425,7,7561,新地町,Shinchi-machi,0
426,7,7564,飯舘村,Iitate-mura,0
427,8,8201,水戸市,Mito-shi,0
428,8,8202,日立市,Hitachi-shi,0
429,8,8203,土浦市,Tsuchiura-shi,0
430,8,8204,古河市,Koga-shi,0
431,8,8205,石岡市,Ishioka-shi,0
432,8,8207,結城市,Yuki-shi,0
433,8,8208,龍ケ崎市,Ryugasaki-shi,0
434,8,8210,下妻市,Shimotsuma-shi,0
435,8,8211,常総市,Joso-shi,0
436,8,8212,常陸太田市,Hitachiota-shi,0
437,8,8214,高萩市,Takahagi-shi,0
438,8,8215,北茨城市,Kitaibaraki-shi,0
439,8,8216,笠間市,Kasama-shi,0
440,8,8217,取手市,Toride-shi,0
441,8,8219,牛久市,Ushiku-shi,0
442,8,8220,つくば市,Tsukuba-shi,0
443,8,8221,ひたちなか市,Hitachinaka-shi,0
444,8,8222,鹿嶋市,Kashima-shi,0
445,8,8223,潮来市,Itako-shi,0
446,8,8224,守谷市,Moriya-shi,0
447,8,8225,常陸大宮市,Hitachiomiya-shi,0
448,8,8226,那珂市,Naka-shi,0
449,8,8227,筑西市,Chikusei-shi,0
450,8,8228,坂東市,Bando-shi,0
451,8,8229,稲敷市,Inashiki-shi,0
452,8,8230,かすみがうら市,Kasumigaura-shi,0
453,8,8231,桜川市,Sakuragawa-shi,0
454,8,8232,神栖市,Kamisu-shi,0
455,8,8233,行方市,Namegata-shi,0
456,8,8234,鉾田市,Hokota-shi,0
457,8,8235,つくばみらい市,Tsukubamirai-shi,0
458,8,8236,小美玉市,Omitama-shi,0
459,8,8302,茨城町,Ibaraki-machi,0
460,8,8309,大洗町,Oarai-machi,0
461,8,8310,城里町,Shirosato-machi,0
462,8,8341,東海村,Tokai-mura,0
463,8,8364,大子町,Daigo-machi,0
464,8,8442,美浦村,Miho-mura,0
465,8,8443,阿見町,Ami-machi,0
466,8,8447,河内町,Kawachi-machi,0
467,8,8521,八千代町,Yachiyo-machi,0
468,8,8542,五霞町,Goka-machi,0
469,8,8546,境町,Sakai-machi,0
470,8,8564,利根町,Tone-machi,0
471,9,9201,宇都宮市,Utsunomiya-shi,0
472,9,9202,足利市,Ashikaga-shi,0
473,9,9203,栃木市,Tochigi-shi,0
474,9,9204,佐野市,Sano-shi,0
475,9,9205,鹿沼市,Kanuma-shi,0
476,9,9206,日光市,Nikko-shi,0
477,9,9208,小山市,Oyama-shi,0
478,9,9209,真岡市,Moka-shi,0
479,9,9210,大田原市,Otawara-shi,0
480,9,9211,矢板市,Yaita-shi,0
481,9,9213,那須塩原市,Nasushiobara-shi,0
482,9,9214,さくら市,Sakura-shi,0
483,9,9215,那須烏山市,Nasukarasuyama-shi,0
484,9,9216,下野市,Shimotsuke-shi,0
485,9,9301,上三川町,Kaminokawa-machi,0
486,9,9342,益子町,Mashiko-machi,0
487,9,9343,茂木町,Motegi-machi,0
488,9,9344,市貝町,Ichikai-machi,0
489,9,9345,芳賀町,Haga-machi,0
490,9,9361,壬生町,Mibu-machi,0
491,9,9364,野木町,Nogi-machi,0
492,9,9384,塩谷町,Shioya-machi,0
493,9,9386,高根沢町,Takanezawa-machi,0
494,9,9407,那須町,Nasu-machi,0
495,9,9411,那珂川町,Nakagawa-machi,0
496,10,10201,前橋市,Maebashi-shi,0
497,10,10202,高崎市,Takasaki-shi,0
498,10,10203,桐生市,Kiryu-shi,0
499,10,10204,伊勢崎市,Isesaki-shi,0
500,10,10205,太田市,Ota-shi,0
501,10,10206,沼田市,Numata-shi,0
502,10,10207,館林市,Tatebayashi-shi,0
503,10,10208,渋川市,Shibukawa-shi,0
504,10,10209,藤岡市,Fujioka-shi,0
505,10,10210,富岡市,Tomioka-shi,0
506,10,10211,安中市,Annaka-shi,0
507,10,10212,みどり市,Midori-shi,0
508,10,10344,榛東村,Shinto-mura,0
509,10,10345,吉岡町,Yoshioka-machi,0
510,10,10366,上野村,Ueno-mura,0
511,10,10367,神流町,Kanna-machi,0
512,10,10382,下仁田町,Shimonita-machi,0
513,10,10383,南牧村,Nammoku-mura,0
514,10,10384,甘楽町,Kanra-machi,0
515,10,10421,中之条町,Nakanojo-machi,0
516,10,10424,長野原町,Naganohara-machi,0
517,10,10425,嬬恋村,Tsumagoi-mura,0
518,10,10426,草津町,Kusatsu-machi,0
519,10,10428,高山村,Takayama-mura,0
520,10,10429,東吾妻町,Higashiagatsuma-machi,0
521,10,10443,片品村,Katashina-mura,0
522,10,10444,川場村,Kawaba-mura,0
523,10,10448,昭和村,Showa-mura,0
524,10,10449,みなかみ町,Minakami-machi,0
525,10,10464,玉村町,Tamamura-machi,0
526,10,10521,板倉町,Itakura-machi,0
527,10,10522,明和町,Meiwa-machi,0
528,10,10523,千代田町,Chiyoda-machi,0
529,10,10524,大泉町,Oizumi-machi,0
530,10,10525,邑楽町,Ora-machi,0
531,11,11100,さいたま市,Saitama-shi,2
532,11,11101,さいたま市西区,Saitama-shi Nishi-ku,1
533,11,11102,さいたま市北区,Saitama-shi Kita-ku,1
534,11,11103,さいたま市大宮区,Saitama-shi Omiya-ku,1
535,11,11104,さいたま市見沼区,Saitama-shi Minuma-ku,1
536,11,11105,さいたま市中央区,Saitama-shi Chuo-ku,1
537,11,11106,さいたま市桜区,Saitama-shi Sakura-ku,1
538,11,11107,さいたま市浦和区,Saitama-shi Urawa-ku,1
539,11,11108,さいたま市南区,Saitama-shi Minami-ku,1
540,11,11109,さいたま市緑区,Saitama-shi Midori-ku,1
541,11,11110,さいたま市岩槻区,Saitama-shi Iwatsuki-ku,1
542,11,11201,川越市,Kawagoe-shi,0
543,11,11202,熊谷市,Kumagaya-shi,0
544,11,11203,川口市,Kawaguchi-shi,0
545,11,11206,行田市,Gyoda-shi,0
546,11,11207,秩父市,Chichibu-shi,0
547,11,11208,所沢市,Tokorozawa-shi,0
548,11,11209,飯能市,Hanno-shi,0
549,11,11210,加須市,Kazo-shi,0
550,11,11211,本庄市,Honjo-shi,0
551,11,11212,東松山市,Higashimatsuyama-shi,0
552,11,11214,春日部市,Kasukabe-shi,0
553,11,11215,狭山市,Sayama-shi,0
554,11,11216,羽生市,Hanyu-shi,0
555,11,11217,鴻巣市,Konosu-shi,0
556,11,11218,深谷市,Fukaya-shi,0
557,11,11219,上尾市,Ageo-shi,0
558,11,11221,草加市,Soka-shi,0
559,11,11222,越谷市,Koshigaya-shi,0
560,11,11223,蕨市,Warabi-shi,0
561,11,11224,戸田市,Toda-shi,0
562,11,11225,入間市,Iruma-shi,0
563,11,11227,朝霞市,Asaka-shi,0
564,11,11228,志木市,Shiki-shi,0
565,11,11229,和光市,Wako-shi,0
566,11,11230,新座市,Niiza-shi,0
567,11,11231,桶川市,Okegawa-shi,0
568,11,11232,久喜市,Kuki-shi,0
569,11,11233,北本市,Kitamoto-shi,0
570,11,11234,八潮市,Yashio-shi,0
571,11,11235,富士見市,Fujimi-shi,0
572,11,11237,三郷市,Misato-shi,0
573,11,11238,蓮田市,Hasuda-shi,0
574,11,11239,坂戸市,Sakado-shi,0
575,11,11240,幸手市,Satte-shi,0
576,11,11241,鶴ヶ島市,Tsurugashima-shi,0
577,11,11242,日高市,Hidaka-shi,0
578,11,11243,吉川市,Yoshikawa-shi,0
579,11,11245,ふじみ野市,Fujimino-shi,0
580,11,11246,白岡市,Shiraoka-shi,0
581,11,11301,伊奈町,Ina-machi,0
582,11,11324,三芳町,Miyoshi-machi,0
583,11,11326,毛呂山町,Moroyama-machi,0
584,11,11327,越生町,Ogose-machi,0
585,11,11341,滑川町,Namegawa-machi,0
586,11,11342,嵐山町,Ranzan-machi,0
587,11,11343,小川町,Ogawa-machi,0
588,11,11346,川島町,Kawajima-machi,0
589,11,11347,吉見町,Yoshimi-machi,0
590,11,11348,鳩山町,Hatoyama-machi,0
591,11,11349,ときがわ町,Tokigawa-machi,0
592,11,11361,横瀬町,Yokoze-machi,0
593,11,11362,皆野町,Minano-machi,0
594,11,11363,長瀞町,Nagatoro-machi,0
595,11,11365,小鹿野町,Ogano-machi,0
596,11,11369,東秩父村,Higashichichibu-mura,0
597,11,11381,美里町,Misato-machi,0
598,11,11383,神川町,Kamikawa-machi,0
599,11,11385,上里町,Kamisato-machi,0
600,11,11408,寄居町,Yorii-machi,0
601,11,11442,宮代町,Miyashiro-machi,0
602,11,11464,杉戸町,Sugito-machi,0
603,11,11465,松伏町,Matsubushi-machi,0
604,12,12100,千葉市,Chiba-shi,2
605,12,12101,千葉市中央区,Chiba-shi Chuo-ku,1
606,12,12102,千葉市花見川区,Chiba-shi Hanamigawa-ku,1
607,12,12103,千葉市稲毛区,Chiba-shi Inage-ku,1
608,12,12104,千葉市若葉区,Chiba-shi Wakaba-ku,1
609,12,12105,千葉市緑区,Chiba-shi Midori-ku,1
610,12,12106,千葉市美浜区,Chiba-shi Mihama-ku,1
611,12,12202,銚子市,Choshi-shi,0
612,12,12203,市川市,Ichikawa-shi,0
613,12,12204,船橋市,Funabashi-shi,0
614,12,12205,館山市,Tateyama-shi,0
615,12,12206,木更津市,Kisarazu-shi,0
616,12,12207,松戸市,Matsudo-shi,0
617,12,12208,野田市,Noda-shi,0
618,12,12210,茂原市,Mobara-shi,0
619,12,12211,成田市,Narita-shi,0
620,12,12212,佐倉市,Sakura-shi,0
621,12,12213,東金市,Togane-shi,0
622,12,12215,旭市,Asahi-shi,0
623,12,12216,習志野市,Narashino-shi,0
624,12,12217,柏市,Kashiwa-shi,0
625,12,12218,勝浦市,Katsura-shi,0
626,12,12219,市原市,Ichihara-shi,0
627,12,12220,流山市,Nagareyama-shi,0
628,12,12221,八千代市,Yachiyo-shi,0
629,12,12222,我孫子市,Abiko-shi,0
630,12,12223,鴨川市,Kamogawa-shi,0
631,12,12224,鎌ケ谷市,Kamagaya-shi,0
632,12,12225,君津市,Kimitsu-shi,0
633,12,12226,富津市,Futtsu-shi,0
634,12,12227,浦安市,Urayasu-shi,0
635,12,12228,四街道市,Yotsukaido-shi,0
636,12,12229,袖ケ浦市,Sodegaura-shi,0
637,12,12230,八街市,Yachimata-shi,0
638,12,12231,印西市,Inzai-shi,0
639,12,12232,白井市,Shiroi-shi,0
640,12,12233,富里市,Tomisato-shi,0
641,12,12234,南房総市,Minamiboso-shi,0
642,12,12235,匝瑳市,Sosa-shi,0
643,12,12236,香取市,Katori-shi,0
644,12,12237,山武市,Sammu-shi,0
645,12,12238,いすみ市,Isumi-shi,0
646,12,12239,大網白里市,Oamishirasato-shi,0
647,12,12322,酒々井町,Shisui-machi,0
648,12,12329,栄町,Sakae-machi,0
649,12,12342,神崎町,Kozaki-machi,0
650,12,12347,多古町,Tako-machi,0
651,12,12349,東庄町,Tonosho-machi,0
652,12,12403,九十九里町,Kujukuri-machi,0
653,12,12409,芝山町,Shibayama-machi,0
654,12,12410,横芝光町,Yokoshibahikari-machi,0
655,12,12421,一宮町,Ichinomiya-machi,0
656,12,12422,睦沢町,Mutsuzawa-machi,0
657,12,12423,長生村,Chosei-mura,0
658,12,12424,白子町,Shirako-machi,0
659,12,12426,長柄町,Nagara-machi,0
660,12,12427,長南町,Chonan-machi,0
661,12,12441,大多喜町,Otaki-machi,0
662,12,12443,御宿町,Onjuku-machi,0
663,12,12463,鋸南町,Kyonan-machi,0
664,13,13101,千代田区,Chiyoda-ku,3
665,13,13102,中央区,Chuo-ku,3
666,13,13103,港区,Minato-ku,3
667,13,13104,新宿区,Shinjuku-ku,3
668,13,13105,文京区,Bunkyo-ku,3
669,13,13106,台東区,Taito-ku,3
670,13,13107,墨田区,Sumida-ku,3
671,13,13108,江東区,Koto-ku,3
672,13,13109,品川区,Shinagawa-ku,3
673,13,13110,目黒区,Meguro-ku,3
674,13,13111,大田区,Ota-ku,3
675,13,13112,世田谷区,Setagaya-ku,3
676,13,13113,渋谷区,Shibuya-ku,3
677,13,13114,中野区,Nakano-ku,3
678,13,13115,杉並区,Suginami-ku,3
679,13,13116,豊島区,Toshima-ku,3
680,13,13117,北区,Kita-ku,3
681,13,13118,荒川区,Arakawa-ku,3
682,13,13119,板橋区,Itabashi-ku,3
683,13,13120,練馬区,Nerima-ku,3
684,13,13121,足立区,Adachi-ku,3
685,13,13122,葛飾区,Katsushika-ku,3
686,13,13123,江戸川区,Edogawa-ku,3
687,13,13201,八王子市,Hachioji-shi,0
688,13,13202,立川市,Tachikawa-shi,0
689,13,13203,武蔵野市,Musashino-shi,0
690,13,13204,三鷹市,Mitaka-shi,0
691,13,13205,青梅市,Ome-shi,0
692,13,13206,府中市,Fuchu-shi,0
693,13,13207,昭島市,Akishima-shi,0
694,13,13208,調布市,Chofu-shi,0
695,13,13209,町田市,Machida-shi,0
696,13,13210,小金井市,Koganei-shi,0
697,13,13211,小平市,Kodaira-shi,0
698,13,13212,日野市,Hino-shi,0
699,13,13213,東村山市,Higashimurayama-shi,0
700,13,13214,国分寺市,Kokubunji-shi,0
701,13,13215,国立市,Kunitachi-shi,0
702,13,13218,福生市,Fussa-shi,0
703,13,13219,狛江市,Komae-shi,0
704,13,13220,東大和市,Higashiyamato-shi,0
705,13,13221,清瀬市,Kiyose-shi,0
706,13,13222,東久留米市,Higashikurume-shi,0
707,13,13223,武蔵村山市,Musashimurayama-shi,0
708,13,13224,多摩市,Tama-shi,0
709,13,13225,稲城市,Inagi-shi,0
710,13,13227,羽村市,Hamura-shi,0
711,13,13228,あきる野市,Akiruno-shi,0
712,13,13229,西東京市,Nishitokyo-shi,0
713,13,13303,瑞穂町,Mizuho-machi,0
714,13,13305,日の出町,Hinode-machi,0
715,13,13307,檜原村,Hinohara-mura,0
716,13,13308,奥多摩町,Okutama-machi,0
717,13,13361,大島町,Oshima-machi,0
718,13,13362,利島村,Toshima-mura,0
719,13,13363,新島村,Niijima-mura,0
720,13,13364,神津島村,Kozushima-mura,0
721,13,13381,三宅村,Miyake-mura,0
722,13,13382,御蔵島村,Mikurajima-mura,0
723,13,13401,八丈町,Hachijou-chou,0
724,13,13402,青ヶ島村,Aogashima-mura,0
725,13,13421,小笠原村,Ogasawara-mura,0
726,14,14100,横浜市,Yokohama-shi,2
727,14,14101,横浜市鶴見区,Yokohama-shi Tsurumi-ku,1
728,14,14102,横浜市神奈川区,Yokohama-shi Kanagawa-ku,1
729,14,14103,横浜市西区,Yokohama-shi Nishi-ku,1
730,14,14104,横浜市中区,Yokohama-shi Naka-ku,1
731,14,14105,横浜市南区,Yokohama-shi Minami-ku,1
732,14,14106,横浜市保土ケ谷区,Yokohama-shi Hodogaya-ku,1
733,14,14107,横浜市磯子区,Yokohama-shi Isogo-ku,1
734,14,14108,横浜市金沢区,Yokohama-shi Kanazawa-ku,1
735,14,14109,横浜市港北区,Yokohama-shi Kohoku-ku,1
736,14,14110,横浜市戸塚区,Yokohama-shi Totsuka-ku,1
737,14,14111,横浜市港南区,Yokohama-shi Konan-ku,1
738,14,14112,横浜市旭区,Yokohama-shi Asahi-ku,1
739,14,14113,横浜市緑区,Yokohama-shi Midori-ku,1
740,14,14114,横浜市瀬谷区,Yokohama-shi Seya-ku,1
741,14,14115,横浜市栄区,Yokohama-shi Sakae-ku,1
742,14,14116,横浜市泉区,Yokohama-shi Izumi-ku,1
743,14,14117,横浜市青葉区,Yokohama-shi Aoba-ku,1
744,14,14118,横浜市都筑区,Yokohama-shi Tsuzuki-ku,1
745,14,14130,川崎市,Kawasaki-shi,2
746,14,14131,川崎市川崎区,Kawasaki-shi Kawasaki-ku,1
747,14,14132,川崎市幸区,Kawasaki-shi Saiwai-ku,1
748,14,14133,川崎市中原区,Kawasaki-shi Nakahara-ku,1
749,14,14134,川崎市高津区,Kawasaki-shi Takatsu-ku,1
750,14,14135,川崎市多摩区,Kawasaki-shi Tama-ku,1
751,14,14136,川崎市宮前区,Kawasaki-shi Miyamae-ku,1
752,14,14137,川崎市麻生区,Kawasaki-shi Asao-ku,1
753,14,14150,相模原市,Sagamihara-shi,2
754,14,14151,相模原市緑区,Sagamihara-shi Midori-ku,1
755,14,14152,相模原市中央区,Sagamihara-shi Chuo-ku,1
756,14,14153,相模原市南区,Sagamihara-shi Minami-ku,1
757,14,14201,横須賀市,Yokosuka-shi,0
758,14,14203,平塚市,Hiratsuka-shi,0
759,14,14204,鎌倉市,Kamakura-shi,0
760,14,14205,藤沢市,Fujisawa-shi,0
761,14,14206,小田原市,Odawara-shi,0
762,14,14207,茅ヶ崎市,Chigasaki-shi,0
763,14,14208,逗子市,Zushi-shi,0
764,14,14210,三浦市,Miura-shi,0
765,14,14211,秦野市,Hadano-shi,0
766,14,14212,厚木市,Atsugi-shi,0
767,14,14213,大和市,Yamato-shi,0
768,14,14214,伊勢原市,Isehara-shi,0
769,14,14215,海老名市,Ebina-shi,0
770,14,14216,座間市,Zama-shi,0
771,14,14217,南足柄市,Minamiashigara-shi,0
772,14,14218,綾瀬市,Ayase-shi,0
773,14,14301,葉山町,Hayama-machi,0
774,14,14321,寒川町,Samukawa-machi,0
775,14,14341,大磯町,Oiso-machi,0
776,14,14342,二宮町,Ninomiya-machi,0
777,14,14361,中井町,Nakai-machi,0
778,14,14362,大井町,Oi-machi,0
779,14,14363,松田町,Matsuda-machi,0
780,14,14364,山北町,Yamakita-machi,0
781,14,14366,開成町,Kaisei-machi,0
782,14,14382,箱根町,Hakone-machi,0
783,14,14383,真鶴町,Manazuru-machi,0
784,14,14384,湯河原町,Yugawara-machi,0
785,14,14401,愛川町,Aikawa-machi,0
786,14,14402,清川村,Kiyokawa-mura,0
787,15,15100,新潟市,Niigata-shi,2
788,15,15101,新潟市北区,Niigata-shi Kita-ku,1
789,15,15102,新潟市東区,Niigata-shi Higashi-ku,1
790,15,15103,新潟市中央区,Niigata-shi Chuo-ku,1
791,15,15104,新潟市江南区,Niigata-shi Konan-ku,1
792,15,15105,新潟市秋葉区,Niigata-shi Akiha-ku,1
793,15,15106,新潟市南区,Niigata-shi Minami-ku,1
794,15,15107,新潟市西区,Niigata-shi Nishi-ku,1
795,15,15108,新潟市西蒲区,Niigata-shi Nishikan-ku,1
796,15,15202,長岡市,Nagaoka-shi,0
797,15,15204,三条市,Sanjo-shi,0
798,15,15205,柏崎市,Kashiwazaki-shi,0
799,15,15206,新発田市,Shibata-shi,0
800,15,15208,小千谷市,Ojiya-shi,0
801,15,15209,加茂市,Kamo-shi,0
802,15,15210,十日町市,Tokamachi-shi,0
803,15,15211,見附市,Mitsuke-shi,0
804,15,15212,村上市,Murakami-shi,0
805,15,15213,燕市,Tsubame-shi,0
806,15,15216,糸魚川市,Itoigawa-shi,0
807,15,15217,妙高市,Myoko-shi,0
808,15,15218,五泉市,Gosen-shi,0
809,15,15222,上越市,Joetsu-shi,0
810,15,15223,阿賀野市,Agano-shi,0
811,15,15224,佐渡市,Sado-shi,0
812,15,15225,魚沼市,Uonuma-shi,0
813,15,15226,南魚沼市,Minamiuonuma-shi,0
814,15,15227,胎内市,Tainai-shi,0
815,15,15307,聖籠町,Seiro-machi,0
816,15,15342,弥彦村,Yahiko-mura,0
817,15,15361,田上町,Tagami-machi,0
818,15,15385,阿賀町,Aga-machi,0
819,15,15405,出雲崎町,Izumozaki-machi,0
820,15,15461,湯沢町,Yuzawa-machi,0
821,15,15482,津南町,Tsunan-machi,0
822,15,15504,刈羽村,Kariwa-mura,0
823,15,15581,関川村,Sekikawa-mura,0
824,15,15586,粟島浦村,Awashimaura-mura,0
825,16,16201,富山市,Toyama-shi,0
826,16,16202,高岡市,Takaoka-shi,0
827,16,16204,魚津市,Uozu-shi,0
828,16,16205,氷見市,Himi-shi,0
829,16,16206,滑川市,Namerikawa-shi,0
830,16,16207,黒部市,Kurobe-shi,0
831,16,16208,砺波市,Tonami-shi,0
832,16,16209,小矢部市,Oyabe-shi,0
833,16,16210,南砺市,Nanto-shi,0
834,16,16211,射水市,Imizu-shi,0
835,16,16321,舟橋村,Funahashi-mura,0
836,16,16322,上市町,Kamiichi-machi,0
837,16,16323,立山町,Tateyama-machi,0
838,16,16342,入善町,Nyuzen-machi,0
839,16,16343,朝日町,Asahi-machi,0
840,17,17201,金沢市,Kanazawa-shi,0
841,17,17202,七尾市,Nanao-shi,0
842,17,17203,小松市,Komatsu-shi,0
843,17,17204,輪島市,Wajima-shi,0
844,17,17205,珠洲市,Suzu-shi,0
845,17,17206,加賀市,Kaga-shi,0
846,17,17207,羽咋市,Hakui-shi,0
847,17,17209,かほく市,Kahoku-shi,0
848,17,17210,白山市,Hakusan-shi,0
849,17,17211,能美市,Nomi-shi,0
850,17,17212,野々市市,Nonoichi-shi,0
851,17,17324,川北町,Kawakita-machi,0
852,17,17361,津幡町,Tsubata-machi,0
853,17,17365,内灘町,Uchinada-machi,0
854,17,17384,志賀町,Shika-machi,0
855,17,17386,宝達志水町,Hodatsushimizu-cho,0
856,17,17407,中能登町,Nakanoto-machi,0
857,17,17461,穴水町,Anamizu-machi,0
858,17,17463,能登町,Noto-cho,0
859,18,18201,福井市,Fukui-shi,0
860,18,18202,敦賀市,Tsuruga-shi,0
861,18,18204,小浜市,Obama-shi,0
862,18,18205,大野市,Ono-shi,0
863,18,18206,勝山市,Katsuyama-shi,0
864,18,18207,鯖江市,Sabae-shi,0
865,18,18208,あわら市,Awara-shi,0
866,18,18209,越前市,Echizen-shi,0
867,18,18210,坂井市,Sakai-shi,0
868,18,18322,永平寺町,Eiheiji-cho,0
869,18,18382,池田町,Ikeda-cho,0
870,18,18404,南越前町,Minamiechizen-cho,0
871,18,18423,越前町,Echizen-cho,0
872,18,18442,美浜町,Mihama-cho,0
873,18,18481,高浜町,Takahama-cho,0
874,18,18483,おおい町,Oi-cho,0
875,18,18501,若狭町,Wakasa-cho,0
876,19,19201,甲府市,Kofu-shi,0
877,19,19202,富士吉田市,Fujiyoshida-shi,0
878,19,19204,都留市,Tsuru-shi,0
879,19,19205,山梨市,Yamanashi-shi,0
880,19,19206,大月市,Otsuki-shi,0
881,19,19207,韮崎市,Nirasaki-shi,0
882,19,19208,南アルプス市,Minamiarupusu-shi,0
883,19,19209,北杜市,Hokuto-shi,0
884,19,19210,甲斐市,Kai-shi,0
885,19,19211,笛吹市,Fuefuki-shi,0
886,19,19212,上野原市,Uenohara-shi,0
887,19,19213,甲州市,Koshu-shi,0
888,19,19214,中央市,Chuo-shi,0
889,19,19346,市川三郷町,Ichikawamisato,0
890,19,19364,早川町,Hayakawa-cho,0
891,19,19365,身延町,Minobu-cho,0
892,19,19366,南部町,Nambu-cho,0
893,19,19368,富士川町,Fujikawa-cho,0
894,19,19384,昭和町,Showa-cho,0
895,19,19422,道志村,Doshi-mura,0
896,19,19423,西桂町,Nishikatsura-cho,0
897,19,19424,忍野村,Oshino-mura,0
898,19,19425,山中湖村,Yamanakako-mura,0
899,19,19429,鳴沢村,Narusawa-mura,0
900,19,19430,富士河口湖町,Fujikawaguchiko Mac,0
901,19,19442,小菅村,Kosuge-mura,0
902,19,19443,丹波山村,Tabayama-mura,0
903,20,20201,長野市,Nagano-shi,0
904,20,20202,松本市,Matsumoto-shi,0
905,20,20203,上田市,Ueda-shi,0
906,20,20204,岡谷市,Okaya-shi,0
907,20,20205,飯田市,Iida-shi,0
908,20,20206,諏訪市,Suwa-shi,0
909,20,20207,須坂市,Suzaka-shi,0
910,20,20208,小諸市,Komoro-shi,0
911,20,20209,伊那市,Ina-shi,0
912,20,20210,駒ヶ根市,Komagane-shi,0
913,20,20211,中野市,Nakano-shi,0
914,20,20212,大町市,Omachi-shi,0
915,20,20213,飯山市,Iiyama-shi,0
916,20,20214,茅野市,Chino-shi,0
917,20,20215,塩尻市,Shiojiri-shi,0
918,20,20217,佐久市,Saku-shi,0
919,20,20218,千曲市,Chikuma-shi,0
920,20,20219,東御市,Tomi-shi,0
921,20,20220,安曇野市,Azumino-shi,0
922,20,20303,小海町,Komi-machi,0
923,20,20304,川上村,Kawakami-mura,0
924,20,20305,南牧村,Nammoku-mura,0
925,20,20306,南相木村,Minamiaiki-mura,0
926,20,20307,北相木村,Kitaaiki-mura,0
927,20,20309,佐久穂町,Sakuho-machi,0
928,20,20321,軽井沢町,Karuizawa-machi,0
929,20,20323,御代田町,Miyota-machi,0
930,20,20324,立科町,Tateshina-machi,0
931,20,20349,青木村,Aoki-mura,0
932,20,20350,長和町,Nagawa-machi,0
933,20,20361,下諏訪町,Shimosuwa-machi,0
934,20,20362,富士見町,Fujimi-machi,0
935,20,20363,原村,Hara-mura,0
936,20,20382,辰野町,Tatsuno-machi,0
937,20,20383,箕輪町,Minowa-machi,0
938,20,20384,飯島町,Iijima-machi,0
939,20,20385,南箕輪村,Minamiminowa-mura,0
940,20,20386,中川村,Nakagawa-mura,0
941,20,20388,宮田村,Miyada-mura,0
942,20,20402,松川町,Matsukawa-machi,0
943,20,20403,高森町,Takamori-machi,0
944,20,20404,阿南町,Anan-cho,0
945,20,20407,阿智村,Achi-mura,0
946,20,20409,平谷村,Hiraya-mura,0
947,20,20410,根羽村,Neba-mura,0
948,20,20411,下條村,Shimojo-mura,0
949,20,20412,売木村,Urugi-mura,0
950,20,20413,天龍村,Tenryu-mura,0
951,20,20414,泰阜村,Yasuoka-mura,0
952,20,20415,喬木村,Takagi-mura,0
953,20,20416,豊丘村,Toyoka-mura,0
954,20,20417,大鹿村,Oshika-mura,0
955,20,20422,上松町,Agematsu-machi,0
956,20,20423,南木曽町,Nagiso-machi,0
957,20,20425,木祖村,Kiso-mura,0
958,20,20429,王滝村,Otaki-mura,0
959,20,20430,大桑村,Okuwa-mura,0
960,20,20432,木曽町,Kiso-machi,0
961,20,20446,麻績村,Omi-mura,0
962,20,20448,生坂村,Ikusaka-mura,0
963,20,20450,山形村,Yamagata-mura,0
964,20,20451,朝日村,Asahi-mura,0
965,20,20452,筑北村,Chikuhoku-mura,0
966,20,20481,池田町,Ikeda-cho,0
967,20,20482,松川村,Matsukawa-mura,0
968,20,20485,白馬村,Hakuba-mura,0
969,20,20486,小谷村,Otari-mura,0
970,20,20521,坂城町,Sakaki-machi,0
971,20,20541,小布施町,Obuse-machi,0
972,20,20543,高山村,Takayama-mura,0
973,20,20561,山ノ内町,Yamanochi-machi,0
974,20,20562,木島平村,Kijimadaira-mura,0
975,20,20563,野沢温泉村,Nozawaonsen-mura,0
976,20,20583,信濃町,Shinano-machi,0
977,20,20588,小川村,Ogawa-mura,0
978,20,20590,飯綱町,Iizuna-machi,0
979,20,20602,栄村,Sakae-mura,0
980,21,21201,岐阜市,Gifu-shi,0
981,21,21202,大垣市,Ogaki-shi,0
982,21,21203,高山市,Takayama-shi,0
983,21,21204,多治見市,Tajimi-shi,0
984,21,21205,関市,Seki-shi,0
985,21,21206,中津川市,Nakatsugawa-shi,0
986,21,21207,美濃市,Mino-shi,0
987,21,21208,瑞浪市,Mizunami-shi,0
988,21,21209,羽島市,Hashima-shi,0
989,21,21210,恵那市,Ena-shi,0
990,21,21211,美濃加茂市,Minokamo-shi,0
991,21,21212,土岐市,Toki-shi,0
992,21,21213,各務原市,Kakamigahara-shi,0
993,21,21214,可児市,Kani-shi,0
994,21,21215,山県市,Yamagata-shi,0
995,21,21216,瑞穂市,Mizuho-shi,0
996,21,21217,飛騨市,Hida-shi,0
997,21,21218,本巣市,Motosu-shi,0
998,21,21219,郡上市,Gujo-shi,0
999,21,21220,下呂市,Gero-shi,0
1000,21,21221,海津市,Kaizu-shi,0
1001,21,21302,岐南町,Ginan-cho,0
1002,21,21303,笠松町,Kasamatsu-cho,0
1003,21,21341,養老町,Yoro-cho,0
1004,21,21361,垂井町,Tarui-cho,0
1005,21,21362,関ケ原町,Sekigahara-cho,0
1006,21,21381,神戸町,Godo-cho,0
1007,21,21382,輪之内町,Wanochi-cho,0
1008,21,21383,安八町,Ampachi-cho,0
1009,21,21401,揖斐川町,Ibigawa-cho,0
1010,21,21403,大野町,Ono-cho,0
1011,21,21404,池田町,Ikeda-cho,0
1012,21,21421,北方町,Kitagata-cho,0
1013,21,21501,坂祝町,Sakahogi-cho,0
1014,21,21502,富加町,Tomika-cho,0
1015,21,21503,川辺町,Kawabe-cho,0
1016,21,21504,七宗町,Hichiso-cho,0
1017,21,21505,八百津町,Yaotsu-cho,0
1018,21,21506,白川町,Shirakawa-cho,0
1019,21,21507,東白川村,Higashishirakawa-mura,0
1020,21,21521,御嵩町,Mitake-cho,0
1021,21,21604,白川村,Shirakawa-mura,0
1022,22,22100,静岡市,Shizuoka-shi,2
1023,22,22101,静岡市葵区,Shizuoka-shi Aoi-ku,1
1024,22,22102,静岡市駿河区,Shizuoka-shi Suruga-ku,1
1025,22,22103,静岡市清水区,Shizuoka-shi Shimizu-ku,1
1026,22,22130,浜松市,Hamamatsu-shi,2
1027,22,22131,浜松市中区,Hamamatsu-shi Naka-ku,1
1028,22,22132,浜松市東区,Hamamatsu-shi Higashi-ku,1
1029,22,22133,浜松市西区,Hamamatsu-shi Nishi-ku,1
1030,22,22134,浜松市南区,Hamamatsu-shi Minami-ku,1
1031,22,22135,浜松市北区,Hamamatsu-shi Kita-ku,1
1032,22,22136,浜松市浜北区,Hamamatsu-shi Hamakita-ku,1
1033,22,22137,浜松市天竜区,Hamamatsu-shi Tenryu-ku,1
1034,22,22203,沼津市,Numazu-shi,0
1035,22,22205,熱海市,Atami-shi,0
1036,22,22206,三島市,Mishima-shi,0
1037,22,22207,富士宮市,Fujinomiya-shi,0
1038,22,22208,伊東市,Ito-shi,0
1039,22,22209,島田市,Shimada-shi,0
1040,22,22210,富士市,Fuji-shi,0
1041,22,22211,磐田市,Iwata-shi,0
1042,22,22212,焼津市,Yaizu-shi,0
1043,22,22213,掛川市,Kakegawa-shi,0
1044,22,22214,藤枝市,Fujieda-shi,0
1045,22,22215,御殿場市,Gotemba-shi,0
1046,22,22216,袋井市,Fukuroi-shi,0
1047,22,22219,下田市,Shimoda-shi,0
1048,22,22220,裾野市,Susono-shi,0
1049,22,22221,湖西市,Kosai-shi,0
1050,22,22222,伊豆市,Izu-shi,0
1051,22,22223,御前崎市,Omaezaki-shi,0
1052,22,22224,菊川市,Kikugawa-shi,0
1053,22,22225,伊豆の国市,Izunokuni-shi,0
1054,22,22226,牧之原市,Makinohara-shi,0
1055,22,22301,東伊豆町,Higashiizu-cho,0
1056,22,22302,河津町,Kawazu-cho,0
1057,22,22304,南伊豆町,Minamiizu-cho,0
1058,22,22305,松崎町,Matsuzaki-cho,0
1059,22,22306,西伊豆町,Nishiizu-cho,0
1060,22,22325,函南町,Kannami-cho,0
1061,22,22341,清水町,Shimizu-cho,0
1062,22,22342,長泉町,Nagaizumi-cho,0
1063,22,22344,小山町,Oyama-cho,0
1064,22,22424,吉田町,Yoshida-cho,0
1065,22,22429,川根本町,Kawanehon-cho,0
1066,22,22461,森町,Mori-machi,0
1067,23,23100,名古屋市,Nagoya-shi,2
1068,23,23101,名古屋市千種区,Nagoya-shi Chikusa-ku,1
1069,23,23102,名古屋市東区,Nagoya-shi Higashi-ku,1
1070,23,23103,名古屋市北区,Nagoya-shi Kita-ku,1
1071,23,23104,名古屋市西区,Nagoya-shi Nishi-ku,1
1072,23,23105,名古屋市中村区,Nagoya-shi Nakamura-ku,1
1073,23,23106,名古屋市中区,Nagoya-shi Naka-ku,1
1074,23,23107,名古屋市昭和区,Nagoya-shi Showa-ku,1
1075,23,23108,名古屋市瑞穂区,Nagoya-shi Mizuho-ku,1
1076,23,23109,名古屋市熱田区,Nagoya-shi Atsuta-ku,1
1077,23,23110,名古屋市中川区,Nagoya-shi Nakagawa-ku,1
1078,23,23111,名古屋市港区,Nagoya-shi Minato-ku,1
1079,23,23112,名古屋市南区,Nagoya-shi Minami-ku,1
1080,23,23113,名古屋市守山区,Nagoya-shi Moriyama-ku,1
1081,23,23114,名古屋市緑区,Nagoya-shi Midori-ku,1
1082,23,23115,名古屋市名東区,Nagoya-shi Meito-ku,1
1083,23,23116,名古屋市天白区,Nagoya-shi Tempaku-ku,1
1084,23,23201,豊橋市,Toyohashi-shi,0
1085,23,23202,岡崎市,Okazaki-shi,0
1086,23,23203,一宮市,Ichinomiya-shi,0
1087,23,23204,瀬戸市,Seto-shi,0
1088,23,23205,半田市,Handa-shi,0
1089,23,23206,春日井市,Kasugai-shi,0
1090,23,23207,豊川市,Toyokawa-shi,0
1091,23,23208,津島市,Tsushima-shi,0
1092,23,23209,碧南市,Hekinan-shi,0
1093,23,23210,刈谷市,Kariya-shi,0
1094,23,23211,豊田市,Toyota-shi,0
1095,23,23212,安城市,Anjo-shi,0
1096,23,23213,西尾市,Nishio-shi,0
1097,23,23214,蒲郡市,Gamagouri-shi,0
1098,23,23215,犬山市,Inuyama-shi,0
1099,23,23216,常滑市,Tokoname-shi,0
1100,23,23217,江南市,Konan-shi,0
1101,23,23219,小牧市,Komaki-shi,0
1102,23,23220,稲沢市,Inazawa-shi,0
1103,23,23221,新城市,Shinshiro-shi,0
1104,23,23222,東海市,Tokai-shi,0
1105,23,23223,大府市,Obu-shi,0
1106,23,23224,知多市,Chita-shi,0
1107,23,23225,知立市,Chiryu-shi,0
1108,23,23226,尾張旭市,Owariasahi-shi,0
1109,23,23227,高浜市,Takahama-shi,0
1110,23,23228,岩倉市,Iwakura-shi,0
1111,23,23229,豊明市,Toyoake-shi,0
1112,23,23230,日進市,Nisshin-shi,0
1113,23,23231,田原市,Tahara-shi,0
1114,23,23232,愛西市,Aisai-shi,0
1115,23,23233,清須市,Kiyosu-shi,0
1116,23,23234,北名古屋市,Kitanagoya-shi,0
1117,23,23235,弥富市,Yatomi-shi,0
1118,23,23236,みよし市,Miyoshi-shi,0
1119,23,23237,あま市,Ama-shi,0
1120,23,23238,長久手市,Nagakute-shi,0
1121,23,23302,東郷町,Togo-cho,0
1122,23,23342,豊山町,Toyoyama-cho,0
1123,23,23361,大口町,Oguchi-cho,0
1124,23,23362,扶桑町,Fuso-cho,0
1125,23,23424,大治町,Oharu-cho,0
1126,23,23425,蟹江町,Kanie-cho,0
1127,23,23427,飛島村,Tobishima-mura,0
1128,23,23441,阿久比町,Agui-cho,0
1129,23,23442,東浦町,Higashiura-cho,0
1130,23,23445,南知多町,Minamichita-cho,0
1131,23,23446,美浜町,Mihama-cho,0
1132,23,23447,武豊町,Taketoyo-cho,0
1133,23,23501,幸田町,Kota-cho,0
1134,23,23561,設楽町,Shitara-cho,0
1135,23,23562,東栄町,Toei-cho,0
1136,23,23563,豊根村,Toyone-mura,0
1137,24,24201,津市,Tsu-shi,0
1138,24,24202,四日市市,Yokkaichi-shi,0
1139,24,24203,伊勢市,Ise-shi,0
1140,24,24204,松阪市,Matsusaka-shi,0
1141,24,24205,桑名市,Kuwana-shi,0
1142,24,24207,鈴鹿市,Suzuka-shi,0
1143,24,24208,名張市,Nabari-shi,0
1144,24,24209,尾鷲市,Owase-shi,0
1145,24,24210,亀山市,Kameyama-shi,0
1146,24,24211,鳥羽市,Toba-shi,0
1147,24,24212,熊野市,Kumano-shi,0
1148,24,24214,いなべ市,Inabe-shi,0
1149,24,24215,志摩市,Shima-shi,0
1150,24,24216,伊賀市,Iga-shi,0
1151,24,24303,木曽岬町,Kisosaki-cho,0
1152,24,24324,東員町,Toin-cho,0
1153,24,24341,菰野町,Komono-cho,0
1154,24,24343,朝日町,Asahi-machi,0
1155,24,24344,川越町,Kawagoe-cho,0
1156,24,24441,多気町,Taki-cho,0
1157,24,24442,明和町,Meiwa-machi,0
1158,24,24443,大台町,Odai-cho,0
1159,24,24461,玉城町,Tamaki-cho,0
1160,24,24470,度会町,Watarai-cho,0
1161,24,24471,大紀町,Taiki-cho,0
1162,24,24472,南伊勢町,Minamiise-cho,0
1163,24,24543,紀北町,Kihoku-cho,0
1164,24,24561,御浜町,Mihama-cho,0
1165,24,24562,紀宝町,Kiho-cho,0
1166,25,25201,大津市,Otsu-shi,0
1167,25,25202,彦根市,Hikone-shi,0
1168,25,25203,長浜市,Nagahama-shi,0
1169,25,25204,近江八幡市,Omihachiman-shi,0
1170,25,25206,草津市,Kusatsu-shi,0
1171,25,25207,守山市,Moriyama-shi,0
1172,25,25208,栗東市,Ritto-shi,0
1173,25,25209,甲賀市,Koka-shi,0
1174,25,25210,野洲市,Yasu-shi,0
1175,25,25211,湖南市,Konan-shi,0
1176,25,25212,高島市,Takashima-shi,0
1177,25,25213,東近江市,Higashiomi-shi,0
1178,25,25214,米原市,Maibara-shi,0
1179,25,25383,日野町,Hino-cho,0
1180,25,25384,竜王町,Ryuo-cho,0
1181,25,25425,愛荘町,Aisho-cho,0
1182,25,25441,豊郷町,Toyosato-cho,0
1183,25,25442,甲良町,Kora-cho,0
1184,25,25443,多賀町,Taga-cho,0
1185,26,26100,京都市,Kyoto-shi,2
1186,26,26101,京都市北区,Kyoto-shi Kita-ku,1
1187,26,26102,京都市上京区,Kyoto-shi Kamigyo-ku,1
1188,26,26103,京都市左京区,Kyoto-shi Sakyo-ku,1
1189,26,26104,京都市中京区,Kyoto-shi Nakagyo-ku,1
1190,26,26105,京都市東山区,Kyoto-shi Higashiyama-ku,1
1191,26,26106,京都市下京区,Kyoto-shi Shimogyo-ku,1
1192,26,26107,京都市南区,Kyoto-shi Minami-ku,1
1193,26,26108,京都市右京区,Kyoto-shi Ukyo-ku,1
1194,26,26109,京都市伏見区,Kyoto-shi Fushimi-ku,1
1195,26,26110,京都市山科区,Kyoto-shi Yamashina-ku,1
1196,26,26111,京都市西京区,Kyoto-shi Nishikyo-ku,1
1197,26,26201,福知山市,Fukuchiyama-shi,0
1198,26,26202,舞鶴市,Maizuru-shi,0
1199,26,26203,綾部市,Ayabe-shi,0
1200,26,26204,宇治市,Uji-shi,0
1201,26,26205,宮津市,Miyazu-shi,0
1202,26,26206,亀岡市,Kameoka-shi,0
1203,26,26207,城陽市,Joyo-shi,0
1204,26,26208,向日市,Muko-shi,0
1205,26,26209,長岡京市,Nagaokakyo-shi,0
1206,26,26210,八幡市,Yawata-shi,0
1207,26,26211,京田辺市,Kyotanabe-shi,0
1208,26,26212,京丹後市,Kyotango-shi,0
1209,26,26213,南丹市,Nantan-shi,0
1210,26,26214,木津川市,Kizugawa-shi,0
1211,26,26303,大山崎町,Oyamazaki-cho,0
1212,26,26322,久御山町,Kumiyama-cho,0
1213,26,26343,井手町,Ide-cho,0
1214,26,26344,宇治田原町,Ujitawara-cho,0
1215,26,26364,笠置町,Kasagi-cho,0
1216,26,26365,和束町,Wazuka-cho,0
1217,26,26366,精華町,Seika-cho,0
1218,26,26367,南山城村,Minamiyamashiro-mura,0
1219,26,26407,京丹波町,Kyotamba-cho,0
1220,26,26463,伊根町,Ine-cho,0
1221,26,26465,与謝野町,Yosano-cho,0
1222,27,27100,大阪市,Osaka-shi,2
1223,27,27102,大阪市都島区,Osaka-shi Miyakojima-ku,1
1224,27,27103,大阪市福島区,Osaka-shi Fukushima-ku,1
1225,27,27104,大阪市此花区,Osaka-shi Konohana-ku,1
1226,27,27106,大阪市西区,Osaka-shi Nishi-ku,1
1227,27,27107,大阪市港区,Osaka-shi Minato-ku,1
1228,27,27108,大阪市大正区,Osaka-shi Taisho-ku,1
1229,27,27109,大阪市天王寺区,Osaka-shi Tennoji-ku,1
1230,27,27111,大阪市浪速区,Osaka-shi Naniwa-ku,1
1231,27,27113,大阪市西淀川区,Osaka-shi Nishiyodogawa-ku,1
1232,27,27114,大阪市東淀川区,Osaka-shi Higashiyodogawa-ku,1
1233,27,27115,大阪市東成区,Osaka-shi Higashinari-ku,1
1234,27,27116,大阪市生野区,Osaka-shi Ikuno-ku,1
1235,27,27117,大阪市旭区,Osaka-shi Asahi-ku,1
1236,27,27118,大阪市城東区,Osaka-shi Joto-ku,1
1237,27,27119,大阪市阿倍野区,Osaka-shi Abeno-ku,1
1238,27,27120,大阪市住吉区,Osaka-shi Sumiyoshi-ku,1
1239,27,27121,大阪市東住吉区,Osaka-shi Higashisumiyoshi-ku,1
1240,27,27122,大阪市西成区,Osaka-shi Nishinari-ku,1
1241,27,27123,大阪市淀川区,Osaka-shi Yodogawa-ku,1
1242,27,27124,大阪市鶴見区,Osaka-shi Tsurumi-ku,1
1243,27,27125,大阪市住之江区,Osaka-shi Suminoe-ku,1
1244,27,27126,大阪市平野区,Osaka-shi Hirano-ku,1
1245,27,27127,大阪市北区,Osaka-shi Kita-ku,1
1246,27,27128,大阪市中央区,Osaka-shi Chuo-ku,1
1247,27,27140,堺市,Sakai-shi,2
1248,27,27141,堺市堺区,Sakai-shi Sakai-ku,1
1249,27,27142,堺市中区,Sakai-shi Naka-ku,1
1250,27,27143,堺市東区,Sakai-shi Higashi-ku,1
1251,27,27144,堺市西区,Sakai-shi Nishi-ku,1
1252,27,27145,堺市南区,Sakai-shi Minami-ku,1
1253,27,27146,堺市北区,Sakai-shi Kita-ku,1
1254,27,27147,堺市美原区,Sakai-shi Mihara-ku,1
1255,27,27202,岸和田市,Kishiwada-shi,0
1256,27,27203,豊中市,Toyonaka-shi,0
1257,27,27204,池田市,Ikeda-shi,0
1258,27,27205,吹田市,Suita-shi,0
1259,27,27206,泉大津市,Izumiotsu-shi,0
1260,27,27207,高槻市,Takatsuki-shi,0
1261,27,27208,貝塚市,Kaizuka-shi,0
1262,27,27209,守口市,Moriguchi-shi,0
1263,27,27210,枚方市,Hirakata-shi,0
1264,27,27211,茨木市,Ibaraki-shi,0
1265,27,27212,八尾市,Yao-shi,0
1266,27,27213,泉佐野市,Izumisano-shi,0
1267,27,27214,富田林市,Tondabayashi-shi,0
1268,27,27215,寝屋川市,Neyagawa-shi,0
1269,27,27216,河内長野市,Kawachinagano-shi,0
1270,27,27217,松原市,Matsubara-shi,0
1271,27,27218,大東市,Daito-shi,0
1272,27,27219,和泉市,Izumi-shi,0
1273,27,27220,箕面市,Mino-shi,0
1274,27,27221,柏原市,Kashiwara-shi,0
1275,27,27222,羽曳野市,Habikino-shi,0
1276,27,27223,門真市,Kadoma-shi,0
1277,27,27224,摂津市,Settsu-shi,0
1278,27,27225,高石市,Takaishi-shi,0
1279,27,27226,藤井寺市,Fujiidera-shi,0
1280,27,27227,東大阪市,Higashiosaka-shi,0
1281,27,27228,泉南市,Sennan-shi,0
1282,27,27229,四條畷市,Shijonawate-shi,0
1283,27,27230,交野市,Katano-shi,0
1284,27,27231,大阪狭山市,Osakasayama-shi,0
1285,27,27232,阪南市,Hannan-shi,0
1286,27,27301,島本町,Shimamoto-cho,0
1287,27,27321,豊能町,Toyono-cho,0
1288,27,27322,能勢町,Nose-cho,0
1289,27,27341,忠岡町,Tadaoka-cho,0
1290,27,27361,熊取町,Kumatori-cho,0
1291,27,27362,田尻町,Tajiri-cho,0
1292,27,27366,岬町,Misaki-cho,0
1293,27,27381,太子町,Taishi-cho,0
1294,27,27382,河南町,Kanan-cho,0
1295,27,27383,千早赤阪村,Chihayaakasaka Mu,0
1296,28,28100,神戸市,Kobe-shi,2
1297,28,28101,神戸市東灘区,Kobe-shi Higashinada-ku,1
1298,28,28102,神戸市灘区,Kobe-shi Nada-ku,1
1299,28,28105,神戸市兵庫区,Kobe-shi Hyogo-ku,1
1300,28,28106,神戸市長田区,Kobe-shi Nagata-ku,1
1301,28,28107,神戸市須磨区,Kobe-shi Suma-ku,1
1302,28,28108,神戸市垂水区,Kobe-shi Tarumi-ku,1
1303,28,28109,神戸市北区,Kobe-shi Kita-ku,1
1304,28,28110,神戸市中央区,Kobe-shi Chuo-ku,1
1305,28,28111,神戸市西区,Kobe-shi Nishi-ku,1
1306,28,28201,姫路市,Himeji-shi,0
1307,28,28202,尼崎市,Amagasaki-shi,0
1308,28,28203,明石市,Akashi-shi,0
1309,28,28204,西宮市,Nishinomiya-shi,0
1310,28,28205,洲本市,Sumoto-shi,0
1311,28,28206,芦屋市,Ashiya-shi,0
1312,28,28207,伊丹市,Itami-shi,0
1313,28,28208,相生市,Aioi-shi,0
1314,28,28209,豊岡市,Toyoka-shi,0
1315,28,28210,加古川市,Kakogawa-shi,0
1316,28,28212,赤穂市,Ako-shi,0
1317,28,28213,西脇市,Nishiwaki-shi,0
1318,28,28214,宝塚市,Takarazuka-shi,0
1319,28,28215,三木市,Miki-shi,0
1320,28,28216,高砂市,Takasago-shi,0
1321,28,28217,川西市,Kawanishi-shi,0
1322,28,28218,小野市,Ono-shi,0
1323,28,28219,三田市,Sanda-shi,0
1324,28,28220,加西市,Kasai-shi,0
1325,28,28221,丹波篠山市,Tambasasayama-shi,0
1326,28,28222,養父市,Yabu-shi,0
1327,28,28223,丹波市,Tamba-shi,0
1328,28,28224,南あわじ市,Minamiawaji-shi,0
1329,28,28225,朝来市,Asago-shi,0
1330,28,28226,淡路市,Awaji-shi,0
1331,28,28227,宍粟市,Shiso-shi,0
1332,28,28228,加東市,Kato-shi,0
1333,28,28229,たつの市,Tatsuno-shi,0
1334,28,28301,猪名川町,Inagawa-cho,0
1335,28,28365,多可町,Taka-cho,0
1336,28,28381,稲美町,Inami-cho,0
1337,28,28382,播磨町,Harima-cho,0
1338,28,28442,市川町,Ichikawa-cho,0
1339,28,28443,福崎町,Fukusaki-cho,0
1340,28,28446,神河町,Kamikawa-cho,0
1341,28,28464,太子町,Taishi-cho,0
1342,28,28481,上郡町,Kamigori-chou,0
1343,28,28501,佐用町,Sayo-cho,0
1344,28,28585,香美町,Kami-cho,0
1345,28,28586,新温泉町,Shinonsen-cho,0
1346,29,29201,奈良市,Nara-shi,0
1347,29,29202,大和高田市,Yamatotakada-shi,0
1348,29,29203,大和郡山市,Yamatokouriyama-shi,0
1349,29,29204,天理市,Tenri-shi,0
1350,29,29205,橿原市,Kashihara-shi,0
1351,29,29206,桜井市,Sakurai-shi,0
1352,29,29207,五條市,Gojo-shi,0
1353,29,29208,御所市,Gose-shi,0
1354,29,29209,生駒市,Ikoma-shi,0
1355,29,29210,香芝市,Kashiba-shi,0
1356,29,29211,葛城市,Katsuragi-shi,0
1357,29,29212,宇陀市,Uda-shi,0
1358,29,29322,山添村,Yamazoe-mura,0
1359,29,29342,平群町,Heguri-cho,0
1360,29,29343,三郷町,Sango-cho,0
1361,29,29344,斑鳩町,Ikaruga-cho,0
1362,29,29345,安堵町,Ando-cho,0
1363,29,29361,川西町,Kawanishi-machi,0
1364,29,29362,三宅町,Miyake-cho,0
1365,29,29363,田原本町,Tawaramoto-cho,0
1366,29,29385,曽爾村,Soni-mura,0
1367,29,29386,御杖村,Mitsue-mura,0
1368,29,29401,高取町,Takatori-cho,0
1369,29,29402,明日香村,Asuka-mura,0
1370,29,29424,上牧町,Kammaki-cho,0
1371,29,29425,王寺町,Oji-cho,0
1372,29,29426,広陵町,Koryo-cho,0
1373,29,29427,河合町,Kawai-cho,0
1374,29,29441,吉野町,Yoshino-cho,0
1375,29,29442,大淀町,Oyodo-cho,0
1376,29,29443,下市町,Shimoichi-cho,0
1377,29,29444,黒滝村,Kurotaki-mura,0
1378,29,29446,天川村,Tenkawa-mura,0
1379,29,29447,野迫川村,Nosegawa-mura,0
1380,29,29449,十津川村,Totsukawa-mura,0
1381,29,29450,下北山村,Shimokitayama-mura,0
1382,29,29451,上北山村,Kamikitayama-mura,0
1383,29,29452,川上村,Kawakami-mura,0
1384,29,29453,東吉野村,Higashiyoshino-mura,0
1385,30,30201,和歌山市,Wakayama-shi,0
1386,30,30202,海南市,Kainan-shi,0
1387,30,30203,橋本市,Hashimoto-shi,0
1388,30,30204,有田市,Arida-shi,0
1389,30,30205,御坊市,Gobo-shi,0
1390,30,30206,田辺市,Tanabe-shi,0
1391,30,30207,新宮市,Shingu-shi,0
1392,30,30208,紀の川市,Kinokawa-shi,0
1393,30,30209,岩出市,Iwade-shi,0
1394,30,30304,紀美野町,Kimino-cho,0
1395,30,30341,かつらぎ町,Katsuragi-cho,0
1396,30,30343,九度山町,Kudoyama-cho,0
1397,30,30344,高野町,Koya-cho,0
1398,30,30361,湯浅町,Yuasa-cho,0
1399,30,30362,広川町,Hirogawa-cho,0
1400,30,30366,有田川町,Aridagawa-cho,0
1401,30,30381,美浜町,Mihama-cho,0
1402,30,30382,日高町,Hidaka-cho,0
1403,30,30383,由良町,Yura-cho,0
1404,30,30390,印南町,Inami-cho,0
1405,30,30391,みなべ町,Minabe-cho,0
1406,30,30392,日高川町,Hidakagawa-cho,0
1407,30,30401,白浜町,Shirahama-cho,0
1408,30,30404,上富田町,Kamitonda-cho,0
1409,30,30406,すさみ町,Susami-cho,0
1410,30,30421,那智勝浦町,Nachikatsura-cho,0
1411,30,30422,太地町,Taiji-cho,0
1412,30,30424,古座川町,Kozagawa-cho,0
1413,30,30427,北山村,Kitayama-mura,0
1414,30,30428,串本町,Kushimoto-cho,0
1415,31,31201,鳥取市,Tottori-shi,0
1416,31,31202,米子市,Yonago-shi,0
1417,31,31203,倉吉市,Kurayoshi-shi,0
1418,31,31204,境港市,Sakaiminato-shi,0
1419,31,31302,岩美町,Iwami-cho,0
1420,31,31325,若桜町,Wakasa-cho,0
1421,31,31328,智頭町,Chizu-cho,0
1422,31,31329,八頭町,Yazu-cho,0
1423,31,31364,三朝町,Misasa-cho,0
1424,31,31370,湯梨浜町,Yurihama-cho,0
1425,31,31371,琴浦町,Kotora-cho,0
1426,31,31372,北栄町,Hokuei-cho,0
1427,31,31384,日吉津村,Hiezu-son,0
1428,31,31386,大山町,Daisen-cho,0
1429,31,31389,南部町,Nambu-cho,0
1430,31,31390,伯耆町,Hoki-cho,0
1431,31,31401,日南町,Nichinan-cho,0
1432,31,31402,日野町,Hino-cho,0
1433,31,31403,江府町,Kofu-cho,0
1434,32,32201,松江市,Matsue-shi,0
1435,32,32202,浜田市,Hamada-shi,0
1436,32,32203,出雲市,Izumo-shi,0
1437,32,32204,益田市,Masuda-shi,0
1438,32,32205,大田市,Oda-shi,0
1439,32,32206,安来市,Yasugi-shi,0
1440,32,32207,江津市,Gotsu-shi,0
1441,32,32209,雲南市,Unnan-shi,0
1442,32,32343,奥出雲町,Okuizumo-cho,0
1443,32,32386,飯南町,Iinan-cho,0
1444,32,32441,川本町,Kawamoto-machi,0
1445,32,32448,美郷町,Misato-cho,0
1446,32,32449,邑南町,Onan-cho,0
1447,32,32501,津和野町,Tsuwano-cho,0
1448,32,32505,吉賀町,Yoshika-cho,0
1449,32,32525,海士町,Ama-cho,0
1450,32,32526,西ノ島町,Nishinoshima-cho,0
1451,32,32527,知夫村,Chibu-mura,0
1452,32,32528,隠岐の島町,Okinoshima-cho,0
1453,33,33100,岡山市,Okayama-shi,2
1454,33,33101,岡山市北区,Okayama-shi Kita-ku,1
1455,33,33102,岡山市中区,Okayama-shi Naka-ku,1
1456,33,33103,岡山市東区,Okayama-shi Higashi-ku,1
1457,33,33104,岡山市南区,Okayama-shi Minami-ku,1
1458,33,33202,倉敷市,Kurashiki-shi,0
1459,33,33203,津山市,Tsuyama-shi,0
1460,33,33204,玉野市,Tamano-shi,0
1461,33,33205,笠岡市,Kasaoka-shi,0
1462,33,33207,井原市,Ibara-shi,0
1463,33,33208,総社市,Soja-shi,0
1464,33,33209,高梁市,Takahashi-shi,0
1465,33,33210,新見市,Niimi-shi,0
1466,33,33211,備前市,Bizen-shi,0
1467,33,33212,瀬戸内市,Setochi-shi,0
1468,33,33213,赤磐市,Akaiwa-shi,0
1469,33,33214,真庭市,Maniwa-shi,0
1470,33,33215,美作市,Mimasaka-shi,0
1471,33,33216,浅口市,Asakuchi-shi,0
1472,33,33346,和気町,Wake-cho,0
1473,33,33423,早島町,Hayashima-cho,0
1474,33,33445,里庄町,Satosho-cho,0
1475,33,33461,矢掛町,Yakage-cho,0
1476,33,33586,新庄村,Shinjo-son,0
1477,33,33606,鏡野町,Kagamino-cho,0
1478,33,33622,勝央町,Shoo-cho,0
1479,33,33623,奈義町,Nagi-cho,0
1480,33,33643,西粟倉村,Nishiawakura-son,0
1481,33,33663,久米南町,Kumenan-cho,0
1482,33,33666,美咲町,Misaki-cho,0
1483,33,33681,吉備中央町,Kibichuo-cho,0
1484,34,34100,広島市,Hiroshima-shi,2
1485,34,34101,広島市中区,Hiroshima-shi Naka-ku,1
1486,34,34102,広島市東区,Hiroshima-shi Higashi-ku,1
1487,34,34103,広島市南区,Hiroshima-shi Minami-ku,1
1488,34,34104,広島市西区,Hiroshima-shi Nishi-ku,1
1489,34,34105,広島市安佐南区,Hiroshima-shi Asaminami-ku,1
1490,34,34106,広島市安佐北区,Hiroshima-shi Asakita-ku,1
1491,34,34107,広島市安芸区,Hiroshima-shi Aki-ku,1
1492,34,34108,広島市佐伯区,Hiroshima-shi Saeki-ku,1
1493,34,34202,呉市,Kure-shi,0
1494,34,34203,竹原市,Takehara-shi,0
1495,34,34204,三原市,Mihara-shi,0
1496,34,34205,尾道市,Onomichi-shi,0
1497,34,34207,福山市,Fukuyama-shi,0
1498,34,34208,府中市,Fuchu-shi,0
1499,34,34209,三次市,Miyoshi-shi,0
1500,34,34210,庄原市,Shobara-shi,0
1501,34,34211,大竹市,Otake-shi,0
1502,34,34212,東広島市,Higashihiroshima-shi,0
1503,34,34213,廿日市市,Hatsukaichi-shi,0
1504,34,34214,安芸高田市,Akitakata-shi,0
1505,34,34215,江田島市,Etajima-shi,0
1506,34,34302,府中町,Fuchu-cho,0
1507,34,34304,海田町,Kaita-cho,0
1508,34,34307,熊野町,Kumano-cho,0
1509,34,34309,坂町,Saka-cho,0
1510,34,34368,安芸太田町,Akiota-cho,0
1511,34,34369,北広島町,Kitahiroshima-cho,0
1512,34,34431,大崎上島町,Osakikamijima-cho,0
1513,34,34462,世羅町,Sera-cho,0
1514,34,34545,神石高原町,Jinsekikogen-cho,0
1515,35,35201,下関市,Shimonoseki-shi,0
1516,35,35202,宇部市,Ube-shi,0
1517,35,35203,山口市,Yamaguchi-shi,0
1518,35,35204,萩市,Hagi-shi,0
1519,35,35206,防府市,Hofu-shi,0
1520,35,35207,下松市,Kudamatsu-shi,0
1521,35,35208,岩国市,Iwakuni-shi,0
1522,35,35210,光市,Hikari-shi,0
1523,35,35211,長門市,Nagato-shi,0
1524,35,35212,柳井市,Yanai-shi,0
1525,35,35213,美祢市,Mine-shi,0
1526,35,35215,周南市,Shunan-shi,0
1527,35,35216,山陽小野田市,Sanyoonoda-shi,0
1528,35,35305,周防大島町,Suooshima-cho,0
1529,35,35321,和木町,Waki-cho,0
1530,35,35341,上関町,Kaminoseki-cho,0
1531,35,35343,田布施町,Tabuse-cho,0
1532,35,35344,平生町,Hirao-cho,0
1533,35,35502,阿武町,Abu-cho,0
1534,36,36201,徳島市,Tokushima-shi,0
1535,36,36202,鳴門市,Naruto-shi,0
1536,36,36203,小松島市,Komatsushima-shi,0
1537,36,36204,阿南市,Anan-shi,0
1538,36,36205,吉野川市,Yoshinogawa-shi,0
1539,36,36206,阿波市,Awa-shi,0
1540,36,36207,美馬市,Mima-shi,0
1541,36,36208,三好市,Miyoshi-shi,0
1542,36,36301,勝浦町,Katsura-cho,0
1543,36,36302,上勝町,Kamikatsu-cho,0
1544,36,36321,佐那河内村,Sanagochi-son,0
1545,36,36341,石井町,Ishii-cho,0
1546,36,36342,神山町,Kamiyama-cho,0
1547,36,36368,那賀町,Naka-cho,0
1548,36,36383,牟岐町,Mugi-cho,0
1549,36,36387,美波町,Minami-cho,0
1550,36,36388,海陽町,Kaiyo-cho,0
1551,36,36401,松茂町,Matsushige-cho,0
1552,36,36402,北島町,Kitajima-cho,0
1553,36,36403,藍住町,Aizumi-cho,0
1554,36,36404,板野町,Itano-cho,0
1555,36,36405,上板町,Kamiita-cho,0
1556,36,36468,つるぎ町,Tsurugi-cho,0
1557,36,36489,東みよし町,Higashimiyoshi-cho,0
1558,37,37201,高松市,Takamatsu-shi,0
1559,37,37202,丸亀市,Marugame-shi,0
1560,37,37203,坂出市,Sakaide-shi,0
1561,37,37204,善通寺市,Zentsuji-shi,0
1562,37,37205,観音寺市,Kanonji-shi,0
1563,37,37206,さぬき市,Sanuki-shi,0
1564,37,37207,東かがわ市,Higashikagawa-shi,0
1565,37,37208,三豊市,Mitoyo-shi,0
1566,37,37322,土庄町,Tonosho-cho,0
1567,37,37324,小豆島町,Shodoshima-cho,0
1568,37,37341,三木町,Miki-cho,0
1569,37,37364,直島町,Naoshima-cho,0
1570,37,37386,宇多津町,Utazu-cho,0
1571,37,37387,綾川町,Ayagawa-cho,0
1572,37,37403,琴平町,Kotohira-cho,0
1573,37,37404,多度津町,Tadotsu-cho,0
1574,37,37406,まんのう町,Manno-cho,0
1575,38,38201,松山市,Matsuyama-shi,0
1576,38,38202,今治市,Imabari-shi,0
1577,38,38203,宇和島市,Uwajima-shi,0
1578,38,38204,八幡浜市,Yawatahama-shi,0
1579,38,38205,新居浜市,Niihama-shi,0
1580,38,38206,西条市,Saijo-shi,0
1581,38,38207,大洲市,Ozu-shi,0
1582,38,38210,伊予市,Iyo-shi,0
1583,38,38213,四国中央市,Shikokuchuo-shi,0
1584,38,38214,西予市,Seiyo-shi,0
1585,38,38215,東温市,Toon-shi,0
1586,38,38356,上島町,Kamijima-cho,0
1587,38,38386,久万高原町,Kumakogen-cho,0
1588,38,38401,松前町,Matsumae-cho,0
1589,38,38402,砥部町,Tobe-cho,0
1590,38,38422,内子町,Uchiko-cho,0
1591,38,38442,伊方町,Ikata-cho,0
1592,38,38484,松野町,Matsuno-cho,0
1593,38,38488,鬼北町,Kihoku-cho,0
1594,38,38506,愛南町,Ainan-cho,0
1595,39,39201,高知市,Kochi-shi,0
1596,39,39202,室戸市,Muroto-shi,0
1597,39,39203,安芸市,Aki-shi,0
1598,39,39204,南国市,Nankoku-shi,0
1599,39,39205,土佐市,Tosa-shi,0
1600,39,39206,須崎市,Susaki-shi,0
1601,39,39208,宿毛市,Sukumo-shi,0
1602,39,39209,土佐清水市,Tosashimizu-shi,0
1603,39,39210,四万十市,Shimanto-shi,0
1604,39,39211,香南市,Konan-shi,0
1605,39,39212,香美市,Kami-shi,0
1606,39,39301,東洋町,Toyo-cho,0
1607,39,39302,奈半利町,Nahari-cho,0
1608,39,39303,田野町,Tano-cho,0
1609,39,39304,安田町,Yasuda-cho,0
1610,39,39305,北川村,Kitagawa-mura,0
1611,39,39306,馬路村,Umaji-mura,0
1612,39,39307,芸西村,Geisei-mura,0
1613,39,39341,本山町,Motoyama-cho,0
1614,39,39344,大豊町,Otoyo-cho,0
1615,39,39363,土佐町,Tosa-cho,0
1616,39,39364,大川村,Okawa-mura,0
1617,39,39386,いの町,Ino-cho,0
1618,39,39387,仁淀川町,Niyodogawa-cho,0
1619,39,39401,中土佐町,Nakatosa-cho,0
1620,39,39402,佐川町,Sakawa-cho,0
1621,39,39403,越知町,Ochi-cho,0
1622,39,39405,梼原町,Yusuhara-chou,0
1623,39,39410,日高村,Hidaka-mura,0
1624,39,39411,津野町,Tsuno-cho,0
1625,39,39412,四万十町,Shimanto-cho,0
1626,39,39424,大月町,Otsuki-cho,0
1627,39,39427,三原村,Mihara-mura,0
1628,39,39428,黒潮町,Kuroshio-cho,0
1629,40,40100,北九州市,KitaKyushu-shi,2
1630,40,40101,北九州市門司区,Kitakyushu-shi Moji-ku,1
1631,40,40103,北九州市若松区,Kitakyushu-shi Wakamatsu-ku,1
1632,40,40105,北九州市戸畑区,Kitakyushu-shi Tobata-ku,1
1633,40,40106,北九州市小倉北区,Kitakyushu-shi Kokurakita-ku,1
1634,40,40107,北九州市小倉南区,Kitakyushu-shi Kokuraminami-ku,1
1635,40,40108,北九州市八幡東区,Kitakyushu-shi Yahatahigashi-ku,1
1636,40,40109,北九州市八幡西区,Kitakyushu-shi Yahatanishi-ku,1
1637,40,40130,福岡市,Fukuoka-shi,2
1638,40,40131,福岡市東区,Fukuoka-shi Higashi-ku,1
1639,40,40132,福岡市博多区,Fukuoka-shi Hakata-ku,1
1640,40,40133,福岡市中央区,Fukuoka-shi Chuo-ku,1
1641,40,40134,福岡市南区,Fukuoka-shi Minami-ku,1
1642,40,40135,福岡市西区,Fukuoka-shi Nishi-ku,1
1643,40,40136,福岡市城南区,Fukuoka-shi Jonan-ku,1
1644,40,40137,福岡市早良区,Fukuoka-shi Sawara-ku,1
1645,40,40202,大牟田市,Omuta-shi,0
1646,40,40203,久留米市,Kurume-shi,0
1647,40,40204,直方市,Nogata-shi,0
1648,40,40205,飯塚市,Iizuka-shi,0
1649,40,40206,田川市,Tagawa-shi,0
1650,40,40207,柳川市,Yanagawa-shi,0
1651,40,40210,八女市,Yame-shi,0
1652,40,40211,筑後市,Chikugo-shi,0
1653,40,40212,大川市,Okawa-shi,0
1654,40,40213,行橋市,Yukuhashi-shi,0
1655,40,40214,豊前市,Buzen-shi,0
1656,40,40215,中間市,Nakama-shi,0
1657,40,40216,小郡市,Ogori-shi,0
1658,40,40217,筑紫野市,Chikushino-shi,0
1659,40,40218,春日市,Kasuga-shi,0
1660,40,40219,大野城市,Onojo-shi,0
1661,40,40220,宗像市,Munakata-shi,0
1662,40,40221,太宰府市,Dazaifu-shi,0
1663,40,40223,古賀市,Koga-shi,0
1664,40,40224,福津市,Fukutsu-shi,0
1665,40,40225,うきは市,Ukiha-shi,0
1666,40,40226,宮若市,Miyawaka-shi,0
1667,40,40227,嘉麻市,Kama-shi,0
1668,40,40228,朝倉市,Asakura-shi,0
1669,40,40229,みやま市,Miyama-shi,0
1670,40,40230,糸島市,Itoshima-shi,0
1671,40,40231,那珂川市,Nakagawa-shi,0
1672,40,40341,宇美町,Umi-machi,0
1673,40,40342,篠栗町,Sasaguri-machi,0
1674,40,40343,志免町,Shime-machi,0
1675,40,40344,須恵町,Sue-chou,0
1676,40,40345,新宮町,Shingu-machi,0
1677,40,40348,久山町,Hisayama-machi,0
1678,40,40349,粕屋町,Kasuya-machi,0
1679,40,40381,芦屋町,Ashiya-machi,0
1680,40,40382,水巻町,Mizumaki-machi,0
1681,40,40383,岡垣町,Okagaki-machi,0
1682,40,40384,遠賀町,Onga-cho,0
1683,40,40401,小竹町,Kotake-machi,0
1684,40,40402,鞍手町,Kurate-machi,0
1685,40,40421,桂川町,Keisen-machi,0
1686,40,40447,筑前町,Chikuzen-machi,0
1687,40,40448,東峰村,Toho-mura,0
1688,40,40503,大刀洗町,Tachiarai-machi,0
1689,40,40522,大木町,Oki-machi,0
1690,40,40544,広川町,Hirogawa-cho,0
1691,40,40601,香春町,Kawara-machi,0
1692,40,40602,添田町,Soeda-machi,0
1693,40,40604,糸田町,Itoda-machi,0
1694,40,40605,川崎町,Kawasaki-machi,0
1695,40,40608,大任町,Oto-machi,0
1696,40,40609,赤村,Aka-mura,0
1697,40,40610,福智町,Fukuchi-machi,0
1698,40,40621,苅田町,Kanda-machi,0
1699,40,40625,みやこ町,Miyako-machi,0
1700,40,40642,吉富町,Yoshitomi-machi,0
1701,40,40646,上毛町,Koge-machi,0
1702,40,40647,築上町,Chikujo-machi,0
1703,41,41201,佐賀市,Saga-shi,0
1704,41,41202,唐津市,Karatsu-shi,0
1705,41,41203,鳥栖市,Tosu-shi,0
1706,41,41204,多久市,Taku-shi,0
1707,41,41205,伊万里市,Imari-shi,0
1708,41,41206,武雄市,Takeo-shi,0
1709,41,41207,鹿島市,Kashima-shi,0
1710,41,41208,小城市,Ogi-shi,0
1711,41,41209,嬉野市,Ureshino-shi,0
1712,41,41210,神埼市,Kanzaki-shi,0
1713,41,41327,吉野ヶ里町,Yoshinogari-cho,0
1714,41,41341,基山町,Kiyama-cho,0
1715,41,41345,上峰町,Kamimine-cho,0
1716,41,41346,みやき町,Miyaki-cho,0
1717,41,41387,玄海町,Genkai-cho,0
1718,41,41401,有田町,Arita-cho,0
1719,41,41423,大町町,Omachi-cho,0
1720,41,41424,江北町,Kohoku-machi,0
1721,41,41425,白石町,Shiroishi-cho,0
1722,41,41441,太良町,Tara-cho,0
1723,42,42201,長崎市,Nagasaki-shi,0
1724,42,42202,佐世保市,Sasebo-shi,0
1725,42,42203,島原市,Shimabara-shi,0
1726,42,42204,諫早市,Isahaya-shi,0
1727,42,42205,大村市,Omura-shi,0
1728,42,42207,平戸市,Hirado-shi,0
1729,42,42208,松浦市,Matsura-shi,0
1730,42,42209,対馬市,Tsushima-shi,0
1731,42,42210,壱岐市,Iki-shi,0
1732,42,42211,五島市,Goto-shi,0
1733,42,42212,西海市,Saikai-shi,0
1734,42,42213,雲仙市,Unzen-shi,0
1735,42,42214,南島原市,Minamishimabara-shi,0
1736,42,42307,長与町,Nagayo-cho,0
1737,42,42308,時津町,Togitsu-cho,0
1738,42,42321,東彼杵町,Higashisonogi-cho,0
1739,42,42322,川棚町,Kawatana-cho,0
1740,42,42323,波佐見町,Hasami-cho,0
1741,42,42383,小値賀町,Ojika-cho,0
1742,42,42391,佐々町,Saza-cho,0
1743,42,42411,新上五島町,Shinkamigoto-cho,0
1744,43,43100,熊本市,Kumamoto-shi,2
1745,43,43101,熊本市中央区,Kumamoto-shi Chuo-ku,1
1746,43,43102,熊本市東区,Kumamoto-shi Higashi-ku,1
1747,43,43103,熊本市西区,Kumamoto-shi Nishi-ku,1
1748,43,43104,熊本市南区,Kumamoto-shi Minami-ku,1
1749,43,43105,熊本市北区,Kumamoto-shi Kita-ku,1
1750,43,43202,八代市,Yatsushiro-shi,0
1751,43,43203,人吉市,Hitoyoshi-shi,0
1752,43,43204,荒尾市,Arao-shi,0
1753,43,43205,水俣市,Minamata-shi,0
1754,43,43206,玉名市,Tamana-shi,0
1755,43,43208,山鹿市,Yamaga-shi,0
1756,43,43210,菊池市,Kikuchi-shi,0
1757,43,43211,宇土市,Uto-shi,0
1758,43,43212,上天草市,Kamiamakusa-shi,0
1759,43,43213,宇城市,Uki-shi,0
1760,43,43214,阿蘇市,Aso-shi,0
1761,43,43215,天草市,Amakusa-shi,0
1762,43,43216,合志市,Koshi-shi,0
1763,43,43348,美里町,Misato-machi,0
1764,43,43364,玉東町,Gyokuto-machi,0
1765,43,43367,南関町,Nankan-machi,0
1766,43,43368,長洲町,Nagasu-machi,0
1767,43,43369,和水町,Nagomi-machi,0
1768,43,43403,大津町,Ozu-machi,0
1769,43,43404,菊陽町,Kikuyo-machi,0
1770,43,43423,南小国町,Minamioguni-machi,0
1771,43,43424,小国町,Oguni-machi,0
1772,43,43425,産山村,Ubuyama-mura,0
1773,43,43428,高森町,Takamori-machi,0
1774,43,43432,西原村,Nishihara-mura,0
1775,43,43433,南阿蘇村,Minamiaso-mura,0
1776,43,43441,御船町,Mifune-machi,0
1777,43,43442,嘉島町,Kashima-machi,0
1778,43,43443,益城町,Mashiki-machi,0
1779,43,43444,甲佐町,Kosa-machi,0
1780,43,43447,山都町,Yamato-cho,0
1781,43,43468,氷川町,Hikawa-cho,0
1782,43,43482,芦北町,Ashikita-machi,0
1783,43,43484,津奈木町,Tsunagi-machi,0
1784,43,43501,錦町,Nishiki-machi,0
1785,43,43505,多良木町,Taragi-machi,0
1786,43,43506,湯前町,Yunomae-machi,0
1787,43,43507,水上村,Mizukami-mura,0
1788,43,43510,相良村,Sagara-mura,0
1789,43,43511,五木村,Itsuki-mura,0
1790,43,43512,山江村,Yamae-mura,0
1791,43,43513,球磨村,Kuma-mura,0
1792,43,43514,あさぎり町,Asagiri-cho,0
1793,43,43531,苓北町,Reihoku-machi,0
1794,44,44201,大分市,Oita-shi,0
1795,44,44202,別府市,Beppu-shi,0
1796,44,44203,中津市,Nakatsu-shi,0
1797,44,44204,日田市,Hita-shi,0
1798,44,44205,佐伯市,Saiki-shi,0
1799,44,44206,臼杵市,Usuki-shi,0
1800,44,44207,津久見市,Tsukumi-shi,0
1801,44,44208,竹田市,Taketa-shi,0
1802,44,44209,豊後高田市,Bungotakada-shi,0
1803,44,44210,杵築市,Kitsuki-shi,0
1804,44,44211,宇佐市,Usa-shi,0
1805,44,44212,豊後大野市,Bungoono-shi,0
1806,44,44213,由布市,Yufu-shi,0
1807,44,44214,国東市,Kunisaki-shi,0
1808,44,44322,姫島村,Himeshima-mura,0
1809,44,44341,日出町,Hiji-machi,0
1810,44,44461,九重町,Kokonoe-machi,0
1811,44,44462,玖珠町,Kusu-machi,0
1812,45,45201,宮崎市,Miyazaki-shi,0
1813,45,45202,都城市,Miyakonojo-shi,0
1814,45,45203,延岡市,Nobeoka-shi,0
1815,45,45204,日南市,Nichinan-shi,0
1816,45,45205,小林市,Kobayashi-shi,0
1817,45,45206,日向市,Hyuga-shi,0
1818,45,45207,串間市,Kushima-shi,0
1819,45,45208,西都市,Saito-shi,0
1820,45,45209,えびの市,Ebino-shi,0
1821,45,45341,三股町,Mimata-cho,0
1822,45,45361,高原町,Takaharu-cho,0
1823,45,45382,国富町,Kunitomi-cho,0
1824,45,45383,綾町,Aya-cho,0
1825,45,45401,高鍋町,Takanabe-cho,0
1826,45,45402,新富町,Shintomi-cho,0
1827,45,45403,西米良村,Nishimera-son,0
1828,45,45404,木城町,Kijo-cho,0
1829,45,45405,川南町,Kawaminami-cho,0
1830,45,45406,都農町,Tsuno-cho,0
1831,45,45421,門川町,Kadogawa-cho,0
1832,45,45429,諸塚村,Morotsuka-son,0
1833,45,45430,椎葉村,Shiiba-son,0
1834,45,45431,美郷町,Misato-cho,0
1835,45,45441,高千穂町,Takachiho-cho,0
1836,45,45442,日之影町,Hinokage-cho,0
1837,45,45443,五ヶ瀬町,Gokase-cho,0
1838,46,46201,鹿児島市,Kagoshima-shi,0
1839,46,46203,鹿屋市,Kanoya-shi,0
1840,46,46204,枕崎市,Makurazaki-shi,0
1841,46,46206,阿久根市,Akune-shi,0
1842,46,46208,出水市,Izumi-shi,0
1843,46,46210,指宿市,Ibusuki-shi,0
1844,46,46213,西之表市,Nishinomote-shi,0
1845,46,46214,垂水市,Tarumizu-shi,0
1846,46,46215,薩摩川内市,Satsumasendai-shi,0
1847,46,46216,日置市,Hioki-shi,0
1848,46,46217,曽於市,So-shi,0
1849,46,46218,霧島市,Kirishima-shi,0
1850,46,46219,いちき串木野市,Ichikikushikino-shi,0
1851,46,46220,南さつま市,Minamisatsuma-shi,0
1852,46,46221,志布志市,Shibushi-shi,0
1853,46,46222,奄美市,Amami-shi,0
1854,46,46223,南九州市,Minamikyushu-shi,0
1855,46,46224,伊佐市,Isa-shi,0
1856,46,46225,姶良市,Aira-shi,0
1857,46,46303,三島村,Mishima-mura,0
1858,46,46304,十島村,Toshima-mura,0
1859,46,46392,さつま町,Satsuma-cho,0
1860,46,46404,長島町,Nagashima-cho,0
1861,46,46452,湧水町,Yusui-cho,0
1862,46,46468,大崎町,Osaki-cho,0
1863,46,46482,東串良町,Higashikushira-cho,0
1864,46,46490,錦江町,Kinko-cho,0
1865,46,46491,南大隅町,Minamiosumi-cho,0
1866,46,46492,肝付町,Kimotsuki-cho,0
1867,46,46501,中種子町,Nakatane-cho,0
1868,46,46502,南種子町,Minamitane-cho,0
1869,46,46505,屋久島町,Yakushima-cho,0
1870,46,46523,大和村,Yamato-son,0
1871,46,46524,宇検村,Uken-son,0
1872,46,46525,瀬戸内町,Setochi-cho,0
1873,46,46527,龍郷町,Tatsugo-cho,0
1874,46,46529,喜界町,Kikai-cho,0
1875,46,46530,徳之島町,Tokunoshima-cho,0
1876,46,46531,天城町,Amagi-cho,0
1877,46,46532,伊仙町,Isen-cho,0
1878,46,46533,和泊町,Wadomari-cho,0
1879,46,46534,知名町,China-cho,0
1880,46,46535,与論町,Yoron-cho,0
1881,47,47201,那覇市,Naha-shi,0
1882,47,47205,宜野湾市,Ginowan-shi,0
1883,47,47207,石垣市,Ishigaki-shi,0
1884,47,47208,浦添市,Urasoe-shi,0
1885,47,47209,名護市,Nago-shi,0
1886,47,47210,糸満市,Itoman-shi,0
1887,47,47211,沖縄市,Okinawa-shi,0
1888,47,47212,豊見城市,Tomigusuku-shi,0
1889,47,47213,うるま市,Uruma-shi,0
1890,47,47214,宮古島市,Miyakojima-shi,0
1891,47,47215,南城市,Nanjo-shi,0
1892,47,47301,国頭村,Kunigami-son,0
1893,47,47302,大宜味村,Ogimi-son,0
1894,47,47303,東村,Higashi-son,0
1895,47,47306,今帰仁村,Nakijin-son,0
1896,47,47308,本部町,Motobu-cho,0
1897,47,47311,恩納村,Onna-son,0
1898,47,47313,宜野座村,Ginoza-son,0
1899,47,47314,金武町,Kin-cho,0
1900,47,47315,伊江村,Ie-son,0
1901,47,47324,読谷村,Yomitan-son,0
1902,47,47325,嘉手納町,Kadena-cho,0
1903,47,47326,北谷町,Chatan-cho,0
1904,47,47327,北中城村,Kitanakagusuku-son,0
1905,47,47328,中城村,Nakagusuku-son,0
1906,47,47329,西原町,Nishihara-cho,0
1907,47,47348,与那原町,Yonabaru-cho,0
1908,47,47350,南風原町,Haebaru-cho,0
1909,47,47353,渡嘉敷村,Tokashiki-son,0
1910,47,47354,座間味村,Zamami-son,0
1911,47,47355,粟国村,Aguni-son,0
1912,47,47356,渡名喜村,Tonaki-son,0
1913,47,47357,南大東村,Minamidaito-son,0
1914,47,47358,北大東村,Kitadaito-son,0
1915,47,47359,伊平屋村,Iheya-son,0
1916,47,47360,伊是名村,Izena-son,0
1917,47,47361,久米島町,Kumejima-cho,0
1918,47,47362,八重瀬町,Yaese-cho,0
1919,47,47375,多良間村,Tarama-son,0
1920,47,47381,竹富町,Taketomi-cho,0
1921,47,47382,与那国町,Yonaguni-cho,0
